normalized_label,country_count,variable_count,countries,variables,examples
age at sterilization,37,2,Angola | Benin | Burkina Faso | Burundi | Camarões | Chade | Comores | Congo (Brazzaville) | Congo (República Democrática) | Costa do Marfim | Eswatini (Suazilândia) | Etiópia | Gabão | Gana | Guiné | Gâmbia | Lesoto | Libéria | Madagascar | Malaui | Mali | Moçambique | Namíbia | Nigéria | Níger | Quênia | República Centro-Africana | Ruanda | Senegal | Serra Leoa | Sudão | São Tomé e Príncipe | Tanzânia | Togo | Zimbábue | Zâmbia | África do Sul,s321a | v320,age at sterilization | age at sterilization       -na | na - age at sterilization
age of respondent at 1st birth,37,1,Angola | Benin | Burkina Faso | Burundi | Camarões | Chade | Comores | Congo (Brazzaville) | Congo (República Democrática) | Costa do Marfim | Eswatini (Suazilândia) | Etiópia | Gabão | Gana | Guiné | Gâmbia | Lesoto | Libéria | Madagascar | Malaui | Mali | Moçambique | Namíbia | Nigéria | Níger | Quênia | República Centro-Africana | Ruanda | Senegal | Serra Leoa | Sudão | São Tomé e Príncipe | Tanzânia | Togo | Zimbábue | Zâmbia | África do Sul,v212,NA - Age of respondent at 1st birth | age of respondent at 1st birth | na -  age of respondent at 1st birth | na - age of respondent at 1st birth
all woman factor total,37,1,Angola | Benin | Burkina Faso | Burundi | Camarões | Chade | Comores | Congo (Brazzaville) | Congo (República Democrática) | Costa do Marfim | Eswatini (Suazilândia) | Etiópia | Gabão | Gana | Guiné | Gâmbia | Lesoto | Libéria | Madagascar | Malaui | Mali | Moçambique | Namíbia | Nigéria | Níger | Quênia | República Centro-Africana | Ruanda | Senegal | Serra Leoa | Sudão | São Tomé e Príncipe | Tanzânia | Togo | Zimbábue | Zâmbia | África do Sul,awfactt,All woman factor - total | all woman factor - total | all woman factor - total   -na | na - all woman factor - total
all woman factor urban rural,37,1,Angola | Benin | Burkina Faso | Burundi | Camarões | Chade | Comores | Congo (Brazzaville) | Congo (República Democrática) | Costa do Marfim | Eswatini (Suazilândia) | Etiópia | Gabão | Gana | Guiné | Gâmbia | Lesoto | Libéria | Madagascar | Malaui | Mali | Moçambique | Namíbia | Nigéria | Níger | Quênia | República Centro-Africana | Ruanda | Senegal | Serra Leoa | Sudão | São Tomé e Príncipe | Tanzânia | Togo | Zimbábue | Zâmbia | África do Sul,awfactu,All woman factor - urban/rural | all woman factor - urban/rural | all woman factor-urban/rural | na - all woman factor - urban/rural
assistant measurer s code,37,3,Angola | Benin | Burkina Faso | Burundi | Camarões | Chade | Comores | Congo (Brazzaville) | Congo (República Democrática) | Costa do Marfim | Eswatini (Suazilândia) | Etiópia | Gabão | Gana | Guiné | Gâmbia | Lesoto | Libéria | Madagascar | Malaui | Mali | Moçambique | Namíbia | Nigéria | Níger | Quênia | República Centro-Africana | Ruanda | Senegal | Serra Leoa | Sudão | São Tomé e Príncipe | Tanzânia | Togo | Zimbábue | Zâmbia | África do Sul,mnv421 | s1111b | v421,"NA - Assistant measurer's code | [na] assistant measurer's code | assistant measurer s code | assistant measurer"" s code | assistant measurer's code | assistant measurer's code  -na | assistant measurer's code - na | assistant measurer's code -na"
births in last five years,37,1,Angola | Benin | Burkina Faso | Burundi | Camarões | Chade | Comores | Congo (Brazzaville) | Congo (República Democrática) | Costa do Marfim | Eswatini (Suazilândia) | Etiópia | Gabão | Gana | Guiné | Gâmbia | Lesoto | Libéria | Madagascar | Malaui | Mali | Moçambique | Namíbia | Nigéria | Níger | Quênia | República Centro-Africana | Ruanda | Senegal | Serra Leoa | Sudão | São Tomé e Príncipe | Tanzânia | Togo | Zimbábue | Zâmbia | África do Sul,v208,Births in last five years | births in last five years | na - births in last five years
births in month of interview,37,1,Angola | Benin | Burkina Faso | Burundi | Camarões | Chade | Comores | Congo (Brazzaville) | Congo (República Democrática) | Costa do Marfim | Eswatini (Suazilândia) | Etiópia | Gabão | Gana | Guiné | Gâmbia | Lesoto | Libéria | Madagascar | Malaui | Mali | Moçambique | Namíbia | Nigéria | Níger | Quênia | República Centro-Africana | Ruanda | Senegal | Serra Leoa | Sudão | São Tomé e Príncipe | Tanzânia | Togo | Zimbábue | Zâmbia | África do Sul,v210,Births in month of interview | births in month of interview | na - births in month of interview
births in past year,37,1,Angola | Benin | Burkina Faso | Burundi | Camarões | Chade | Comores | Congo (Brazzaville) | Congo (República Democrática) | Costa do Marfim | Eswatini (Suazilândia) | Etiópia | Gabão | Gana | Guiné | Gâmbia | Lesoto | Libéria | Madagascar | Malaui | Mali | Moçambique | Namíbia | Nigéria | Níger | Quênia | República Centro-Africana | Ruanda | Senegal | Serra Leoa | Sudão | São Tomé e Príncipe | Tanzânia | Togo | Zimbábue | Zâmbia | África do Sul,v209,Births in past year | births in past year | na - births in past year
brand of pill used,37,1,Angola | Benin | Burkina Faso | Burundi | Camarões | Chade | Comores | Congo (Brazzaville) | Congo (República Democrática) | Costa do Marfim | Eswatini (Suazilândia) | Etiópia | Gabão | Gana | Guiné | Gâmbia | Lesoto | Libéria | Madagascar | Malaui | Mali | Moçambique | Namíbia | Nigéria | Níger | Quênia | República Centro-Africana | Ruanda | Senegal | Serra Leoa | Sudão | São Tomé e Príncipe | Tanzânia | Togo | Zimbábue | Zâmbia | África do Sul,v323,[na] brand of pill used | brand of pill used | brand of pill used         -na | brand of pill used        - na | brand of pill used -        na | brand of pill used - na | brand of pill used -na | brand of pill used {na}
case identification,37,1,Angola | Benin | Burkina Faso | Burundi | Camarões | Chade | Comores | Congo (Brazzaville) | Congo (República Democrática) | Costa do Marfim | Eswatini (Suazilândia) | Etiópia | Gabão | Gana | Guiné | Gâmbia | Lesoto | Libéria | Madagascar | Malaui | Mali | Moçambique | Namíbia | Nigéria | Níger | Quênia | República Centro-Africana | Ruanda | Senegal | Serra Leoa | Sudão | São Tomé e Príncipe | Tanzânia | Togo | Zimbábue | Zâmbia | África do Sul,caseid,Case Identification | case identification
childhood place of residence,37,3,Angola | Benin | Burkina Faso | Burundi | Camarões | Chade | Comores | Congo (Brazzaville) | Congo (República Democrática) | Costa do Marfim | Eswatini (Suazilândia) | Etiópia | Gabão | Gana | Guiné | Gâmbia | Lesoto | Libéria | Madagascar | Malaui | Mali | Moçambique | Namíbia | Nigéria | Níger | Quênia | República Centro-Africana | Ruanda | Senegal | Serra Leoa | Sudão | São Tomé e Príncipe | Tanzânia | Togo | Zimbábue | Zâmbia | África do Sul,s102 | s104 | v103,NA - Childhood place of residence | [na] childhood place of residence | childhood place of residence | childhood place of residence - na | na - childhood place of residence | na-childhood place of residence
cluster number,37,2,Angola | Benin | Burkina Faso | Burundi | Camarões | Chade | Comores | Congo (Brazzaville) | Congo (República Democrática) | Costa do Marfim | Eswatini (Suazilândia) | Etiópia | Gabão | Gana | Guiné | Gâmbia | Lesoto | Libéria | Madagascar | Malaui | Mali | Moçambique | Namíbia | Nigéria | Níger | Quênia | República Centro-Africana | Ruanda | Senegal | Serra Leoa | Sudão | São Tomé e Príncipe | Tanzânia | Togo | Zimbábue | Zâmbia | África do Sul,smgrappe | v001,Cluster number | cluster number
completeness of information,37,52,Angola | Benin | Burkina Faso | Burundi | Camarões | Chade | Comores | Congo (Brazzaville) | Congo (República Democrática) | Costa do Marfim | Eswatini (Suazilândia) | Etiópia | Gabão | Gana | Guiné | Gâmbia | Lesoto | Libéria | Madagascar | Malaui | Mali | Moçambique | Namíbia | Nigéria | Níger | Quênia | República Centro-Africana | Ruanda | Senegal | Serra Leoa | Sudão | São Tomé e Príncipe | Tanzânia | Togo | Zimbábue | Zâmbia | África do Sul,b10_01 | b10_02 | b10_03 | b10_04 | b10_05 | b10_06 | b10_07 | b10_08 | b10_09 | b10_1 | b10_10 | b10_11 | b10_12 | b10_13 | b10_14 | b10_15 | b10_16 | b10_17 | b10_18 | b10_19 | b10_2 | b10_20 | b10_21 | b10_3 | p10_01 | p10_02 | p10_03 | p10_04 | p10_05 | p10_06 | p10_07 | p10_08 | p10_09 | p10_10 | p10_11 | p10_12 | p10_13 | p10_14 | p10_15 | p10_16 | p10_17 | p10_18 | p10_19 | p10_20 | p10_21 | sm102f | sm112f | v014 | v223 | v318 | v345 | v354,Completeness of information | completeness of information | completeness of information-na | na - completeness of information
current contraceptive method,37,5,Angola | Benin | Burkina Faso | Burundi | Camarões | Chade | Comores | Congo (Brazzaville) | Congo (República Democrática) | Costa do Marfim | Eswatini (Suazilândia) | Etiópia | Gabão | Gana | Guiné | Gâmbia | Lesoto | Libéria | Madagascar | Malaui | Mali | Moçambique | Namíbia | Nigéria | Níger | Quênia | República Centro-Africana | Ruanda | Senegal | Serra Leoa | Sudão | São Tomé e Príncipe | Tanzânia | Togo | Zimbábue | Zâmbia | África do Sul,s226b | s311 | s312 | smq208 | v312,current contraceptive method | na - current contraceptive method
current marital status,37,2,Angola | Benin | Burkina Faso | Burundi | Camarões | Chade | Comores | Congo (Brazzaville) | Congo (República Democrática) | Costa do Marfim | Eswatini (Suazilândia) | Etiópia | Gabão | Gana | Guiné | Gâmbia | Lesoto | Libéria | Madagascar | Malaui | Mali | Moçambique | Namíbia | Nigéria | Níger | Quênia | República Centro-Africana | Ruanda | Senegal | Serra Leoa | Sudão | São Tomé e Príncipe | Tanzânia | Togo | Zimbábue | Zâmbia | África do Sul,s502 | v501,Current marital status | current marital status | na - current marital status
current use by method type,37,2,Angola | Benin | Burkina Faso | Burundi | Camarões | Chade | Comores | Congo (Brazzaville) | Congo (República Democrática) | Costa do Marfim | Eswatini (Suazilândia) | Etiópia | Gabão | Gana | Guiné | Gâmbia | Lesoto | Libéria | Madagascar | Malaui | Mali | Moçambique | Namíbia | Nigéria | Níger | Quênia | República Centro-Africana | Ruanda | Senegal | Serra Leoa | Sudão | São Tomé e Príncipe | Tanzânia | Togo | Zimbábue | Zâmbia | África do Sul,shv313 | v313,current use by method type | na - current use by method type
currently abstaining,37,1,Angola | Benin | Burkina Faso | Burundi | Camarões | Chade | Comores | Congo (Brazzaville) | Congo (República Democrática) | Costa do Marfim | Eswatini (Suazilândia) | Etiópia | Gabão | Gana | Guiné | Gâmbia | Lesoto | Libéria | Madagascar | Malaui | Mali | Moçambique | Namíbia | Nigéria | Níger | Quênia | República Centro-Africana | Ruanda | Senegal | Serra Leoa | Sudão | São Tomé e Príncipe | Tanzânia | Togo | Zimbábue | Zâmbia | África do Sul,v406,NA - Currently abstaining | currently abstaining | currently abstaining      - na | na - currently abstaining
currently amenorrheic,37,1,Angola | Benin | Burkina Faso | Burundi | Camarões | Chade | Comores | Congo (Brazzaville) | Congo (República Democrática) | Costa do Marfim | Eswatini (Suazilândia) | Etiópia | Gabão | Gana | Guiné | Gâmbia | Lesoto | Libéria | Madagascar | Malaui | Mali | Moçambique | Namíbia | Nigéria | Níger | Quênia | República Centro-Africana | Ruanda | Senegal | Serra Leoa | Sudão | São Tomé e Príncipe | Tanzânia | Togo | Zimbábue | Zâmbia | África do Sul,v405,NA - Currently amenorrheic | currently amenorrheic | na - currently amenorrheic
currently breastfeeding,37,1,Angola | Benin | Burkina Faso | Burundi | Camarões | Chade | Comores | Congo (Brazzaville) | Congo (República Democrática) | Costa do Marfim | Eswatini (Suazilândia) | Etiópia | Gabão | Gana | Guiné | Gâmbia | Lesoto | Libéria | Madagascar | Malaui | Mali | Moçambique | Namíbia | Nigéria | Níger | Quênia | República Centro-Africana | Ruanda | Senegal | Serra Leoa | Sudão | São Tomé e Príncipe | Tanzânia | Togo | Zimbábue | Zâmbia | África do Sul,v404,Currently breastfeeding | NA - Currently breastfeeding | currently breastfeeding | na - currently breastfeeding
currently pregnant,37,3,Angola | Benin | Burkina Faso | Burundi | Camarões | Chade | Comores | Congo (Brazzaville) | Congo (República Democrática) | Costa do Marfim | Eswatini (Suazilândia) | Etiópia | Gabão | Gana | Guiné | Gâmbia | Lesoto | Libéria | Madagascar | Malaui | Mali | Moçambique | Namíbia | Nigéria | Níger | Quênia | República Centro-Africana | Ruanda | Senegal | Serra Leoa | Sudão | São Tomé e Príncipe | Tanzânia | Togo | Zimbábue | Zâmbia | África do Sul,s223 | s226 | v213,Currently pregnant | currently pregnant
date of birth cmc,37,27,Angola | Benin | Burkina Faso | Burundi | Camarões | Chade | Comores | Congo (Brazzaville) | Congo (República Democrática) | Costa do Marfim | Eswatini (Suazilândia) | Etiópia | Gabão | Gana | Guiné | Gâmbia | Lesoto | Libéria | Madagascar | Malaui | Mali | Moçambique | Namíbia | Nigéria | Níger | Quênia | República Centro-Africana | Ruanda | Senegal | Serra Leoa | Sudão | São Tomé e Príncipe | Tanzânia | Togo | Zimbábue | Zâmbia | África do Sul,b3_01 | b3_02 | b3_03 | b3_04 | b3_05 | b3_06 | b3_07 | b3_08 | b3_09 | b3_1 | b3_10 | b3_11 | b3_12 | b3_13 | b3_14 | b3_15 | b3_16 | b3_17 | b3_18 | b3_19 | b3_2 | b3_20 | b3_21 | b3_3 | sm102c | smq102c | v011,Date of birth (CMC) | date of birth (cmc)
date of first birth cmc,37,1,Angola | Benin | Burkina Faso | Burundi | Camarões | Chade | Comores | Congo (Brazzaville) | Congo (República Democrática) | Costa do Marfim | Eswatini (Suazilândia) | Etiópia | Gabão | Gana | Guiné | Gâmbia | Lesoto | Libéria | Madagascar | Malaui | Mali | Moçambique | Namíbia | Nigéria | Níger | Quênia | República Centro-Africana | Ruanda | Senegal | Serra Leoa | Sudão | São Tomé e Príncipe | Tanzânia | Togo | Zimbábue | Zâmbia | África do Sul,v211,NA - Date of first birth (CMC) | date of first birth (cmc) | date of first birth (cmc)  -na | na - date of first birth (cmc)
date of interview cmc,37,2,Angola | Benin | Burkina Faso | Burundi | Camarões | Chade | Comores | Congo (Brazzaville) | Congo (República Democrática) | Costa do Marfim | Eswatini (Suazilândia) | Etiópia | Gabão | Gana | Guiné | Gâmbia | Lesoto | Libéria | Madagascar | Malaui | Mali | Moçambique | Namíbia | Nigéria | Níger | Quênia | República Centro-Africana | Ruanda | Senegal | Serra Leoa | Sudão | São Tomé e Príncipe | Tanzânia | Togo | Zimbábue | Zâmbia | África do Sul,smintc | v008,Date of interview (CMC) | date of interview (cmc)
daughters at home,37,1,Angola | Benin | Burkina Faso | Burundi | Camarões | Chade | Comores | Congo (Brazzaville) | Congo (República Democrática) | Costa do Marfim | Eswatini (Suazilândia) | Etiópia | Gabão | Gana | Guiné | Gâmbia | Lesoto | Libéria | Madagascar | Malaui | Mali | Moçambique | Namíbia | Nigéria | Níger | Quênia | República Centro-Africana | Ruanda | Senegal | Serra Leoa | Sudão | São Tomé e Príncipe | Tanzânia | Togo | Zimbábue | Zâmbia | África do Sul,v203,Daughters at home | daughters at home
daughters elsewhere,37,1,Angola | Benin | Burkina Faso | Burundi | Camarões | Chade | Comores | Congo (Brazzaville) | Congo (República Democrática) | Costa do Marfim | Eswatini (Suazilândia) | Etiópia | Gabão | Gana | Guiné | Gâmbia | Lesoto | Libéria | Madagascar | Malaui | Mali | Moçambique | Namíbia | Nigéria | Níger | Quênia | República Centro-Africana | Ruanda | Senegal | Serra Leoa | Sudão | São Tomé e Príncipe | Tanzânia | Togo | Zimbábue | Zâmbia | África do Sul,v205,Daughters elsewhere | daughters elsewhere
daughters who have died,37,1,Angola | Benin | Burkina Faso | Burundi | Camarões | Chade | Comores | Congo (Brazzaville) | Congo (República Democrática) | Costa do Marfim | Eswatini (Suazilândia) | Etiópia | Gabão | Gana | Guiné | Gâmbia | Lesoto | Libéria | Madagascar | Malaui | Mali | Moçambique | Namíbia | Nigéria | Níger | Quênia | República Centro-Africana | Ruanda | Senegal | Serra Leoa | Sudão | São Tomé e Príncipe | Tanzânia | Togo | Zimbábue | Zâmbia | África do Sul,v207,Daughters who have died | daughters who have died
de facto place of residence,37,2,Angola | Benin | Burkina Faso | Burundi | Camarões | Chade | Comores | Congo (Brazzaville) | Congo (República Democrática) | Costa do Marfim | Eswatini (Suazilândia) | Etiópia | Gabão | Gana | Guiné | Gâmbia | Lesoto | Libéria | Madagascar | Malaui | Mali | Moçambique | Namíbia | Nigéria | Níger | Quênia | República Centro-Africana | Ruanda | Senegal | Serra Leoa | Sudão | São Tomé e Príncipe | Tanzânia | Togo | Zimbábue | Zâmbia | África do Sul,v026 | v134,NA - De facto place of residence | [na] de facto place of residence | de facto place of residence | de facto place of residence - na | de facto place of residence-na | na - de facto place of residence | na-de facto place of residence
desire for more children,37,1,Angola | Benin | Burkina Faso | Burundi | Camarões | Chade | Comores | Congo (Brazzaville) | Congo (República Democrática) | Costa do Marfim | Eswatini (Suazilândia) | Etiópia | Gabão | Gana | Guiné | Gâmbia | Lesoto | Libéria | Madagascar | Malaui | Mali | Moçambique | Namíbia | Nigéria | Níger | Quênia | República Centro-Africana | Ruanda | Senegal | Serra Leoa | Sudão | São Tomé e Príncipe | Tanzânia | Togo | Zimbábue | Zâmbia | África do Sul,v605,desire for more children | na - desire for more children
duration of current pregnancy,37,1,Angola | Benin | Burkina Faso | Burundi | Camarões | Chade | Comores | Congo (Brazzaville) | Congo (República Democrática) | Costa do Marfim | Eswatini (Suazilândia) | Etiópia | Gabão | Gana | Guiné | Gâmbia | Lesoto | Libéria | Madagascar | Malaui | Mali | Moçambique | Namíbia | Nigéria | Níger | Quênia | República Centro-Africana | Ruanda | Senegal | Serra Leoa | Sudão | São Tomé e Príncipe | Tanzânia | Togo | Zimbábue | Zâmbia | África do Sul,v214,Duration of current pregnancy | duration of current pregnancy | na - duration of current pregnancy
education in single years,37,1,Angola | Benin | Burkina Faso | Burundi | Camarões | Chade | Comores | Congo (Brazzaville) | Congo (República Democrática) | Costa do Marfim | Eswatini (Suazilândia) | Etiópia | Gabão | Gana | Guiné | Gâmbia | Lesoto | Libéria | Madagascar | Malaui | Mali | Moçambique | Namíbia | Nigéria | Níger | Quênia | República Centro-Africana | Ruanda | Senegal | Serra Leoa | Sudão | São Tomé e Príncipe | Tanzânia | Togo | Zimbábue | Zâmbia | África do Sul,v133,Education in single years | education in single years
entries in birth history,37,1,Angola | Benin | Burkina Faso | Burundi | Camarões | Chade | Comores | Congo (Brazzaville) | Congo (República Democrática) | Costa do Marfim | Eswatini (Suazilândia) | Etiópia | Gabão | Gana | Guiné | Gâmbia | Lesoto | Libéria | Madagascar | Malaui | Mali | Moçambique | Namíbia | Nigéria | Níger | Quênia | República Centro-Africana | Ruanda | Senegal | Serra Leoa | Sudão | São Tomé e Príncipe | Tanzânia | Togo | Zimbábue | Zâmbia | África do Sul,v224,Entries in birth history | entries in birth history | na - entries in birth history
entries in health table,37,1,Angola | Benin | Burkina Faso | Burundi | Camarões | Chade | Comores | Congo (Brazzaville) | Congo (República Democrática) | Costa do Marfim | Eswatini (Suazilândia) | Etiópia | Gabão | Gana | Guiné | Gâmbia | Lesoto | Libéria | Madagascar | Malaui | Mali | Moçambique | Namíbia | Nigéria | Níger | Quênia | República Centro-Africana | Ruanda | Senegal | Serra Leoa | Sudão | São Tomé e Príncipe | Tanzânia | Togo | Zimbábue | Zâmbia | África do Sul,v418,Entries in health table | entries in health table | entries in health table    -na | na - entries in health table
entries in height weight table,37,1,Angola | Benin | Burkina Faso | Burundi | Camarões | Chade | Comores | Congo (Brazzaville) | Congo (República Democrática) | Costa do Marfim | Eswatini (Suazilândia) | Etiópia | Gabão | Gana | Guiné | Gâmbia | Lesoto | Libéria | Madagascar | Malaui | Mali | Moçambique | Namíbia | Nigéria | Níger | Quênia | República Centro-Africana | Ruanda | Senegal | Serra Leoa | Sudão | São Tomé e Príncipe | Tanzânia | Togo | Zimbábue | Zâmbia | África do Sul,v419,Entries in height/weight table | entries in height/weight table | na - entries in height/weight table
entries in maternity table,37,1,Angola | Benin | Burkina Faso | Burundi | Camarões | Chade | Comores | Congo (Brazzaville) | Congo (República Democrática) | Costa do Marfim | Eswatini (Suazilândia) | Etiópia | Gabão | Gana | Guiné | Gâmbia | Lesoto | Libéria | Madagascar | Malaui | Mali | Moçambique | Namíbia | Nigéria | Níger | Quênia | República Centro-Africana | Ruanda | Senegal | Serra Leoa | Sudão | São Tomé e Príncipe | Tanzânia | Togo | Zimbábue | Zâmbia | África do Sul,v417,Entries in maternity table | entries in maternity table | entries in maternity table -na | na - entries in maternity table
ethnicity,37,7,Angola | Benin | Burkina Faso | Burundi | Camarões | Chade | Comores | Congo (Brazzaville) | Congo (República Democrática) | Costa do Marfim | Eswatini (Suazilândia) | Etiópia | Gabão | Gana | Guiné | Gâmbia | Lesoto | Libéria | Madagascar | Malaui | Mali | Moçambique | Namíbia | Nigéria | Níger | Quênia | República Centro-Africana | Ruanda | Senegal | Serra Leoa | Sudão | São Tomé e Príncipe | Tanzânia | Togo | Zimbábue | Zâmbia | África do Sul,rc110 | s114 | s118 | s119 | s121 | sm109 | v131,NA - Ethnicity | [na] ethnicity | ethnicity | ethnicity                   na | ethnicity                  -na | ethnicity                 - na | ethnicity                 -na | na - ethnicity
ever use of any method,37,2,Angola | Benin | Burkina Faso | Burundi | Camarões | Chade | Comores | Congo (Brazzaville) | Congo (República Democrática) | Costa do Marfim | Eswatini (Suazilândia) | Etiópia | Gabão | Gana | Guiné | Gâmbia | Lesoto | Libéria | Madagascar | Malaui | Mali | Moçambique | Namíbia | Nigéria | Níger | Quênia | República Centro-Africana | Ruanda | Senegal | Serra Leoa | Sudão | São Tomé e Príncipe | Tanzânia | Togo | Zimbábue | Zâmbia | África do Sul,shv302 | v302,ever use of any method | ever use of any method - na | na - ever use of any method | na-ever use of any method
ever used method,37,61,Angola | Benin | Burkina Faso | Burundi | Camarões | Chade | Comores | Congo (Brazzaville) | Congo (República Democrática) | Costa do Marfim | Eswatini (Suazilândia) | Etiópia | Gabão | Gana | Guiné | Gâmbia | Lesoto | Libéria | Madagascar | Malaui | Mali | Moçambique | Namíbia | Nigéria | Níger | Quênia | República Centro-Africana | Ruanda | Senegal | Serra Leoa | Sudão | São Tomé e Príncipe | Tanzânia | Togo | Zimbábue | Zâmbia | África do Sul,s302_01 | s302_02 | s302_03 | s302_04 | s302_05 | s302_06 | s302_07 | s302_08 | s302_09 | s302_10 | s302_11 | s302_12 | s302_13 | sm203_01 | sm203_02 | sm203_03 | sm203_04 | sm203_05 | sm203_06 | sm203_07 | sm203_08 | sm203_09 | sm203_10 | sm203_11 | sm203_12 | sm203_13 | sm203_14 | sm203_15 | smq20c01 | smq20c02 | smq20c03 | smq20c04 | smq20c05 | smq20c06 | smq20c07 | smq20c08 | smq20c09 | smq20c10 | smq20c11 | smq20c12 | smq20c13 | v305_01 | v305_02 | v305_03 | v305_04 | v305_05 | v305_06 | v305_07 | v305_08 | v305_09 | v305_10 | v305_11 | v305_12 | v305_13 | v305_14 | v305_15 | v305_16 | v305_17 | v305_18 | v305_19 | v305_20,ever used method | ever used method           -na | ever used method -na | na - ever used method | na-ever used method
fertility preference,37,2,Angola | Benin | Burkina Faso | Burundi | Camarões | Chade | Comores | Congo (Brazzaville) | Congo (República Democrática) | Costa do Marfim | Eswatini (Suazilândia) | Etiópia | Gabão | Gana | Guiné | Gâmbia | Lesoto | Libéria | Madagascar | Malaui | Mali | Moçambique | Namíbia | Nigéria | Níger | Quênia | República Centro-Africana | Ruanda | Senegal | Serra Leoa | Sudão | São Tomé e Príncipe | Tanzânia | Togo | Zimbábue | Zâmbia | África do Sul,shv605 | v602,fertility preference | na - fertility preference
field editor,37,2,Angola | Benin | Burkina Faso | Burundi | Camarões | Chade | Comores | Congo (Brazzaville) | Congo (República Democrática) | Costa do Marfim | Eswatini (Suazilândia) | Etiópia | Gabão | Gana | Guiné | Gâmbia | Lesoto | Libéria | Madagascar | Malaui | Mali | Moçambique | Namíbia | Nigéria | Níger | Quênia | República Centro-Africana | Ruanda | Senegal | Serra Leoa | Sudão | São Tomé e Príncipe | Tanzânia | Togo | Zimbábue | Zâmbia | África do Sul,sfldedit | v031,NA - Field editor | field editor | field editor               -na | field editor              - na | field editor - na | na - field editor | na-field editor
gave child juice,37,7,Angola | Benin | Burkina Faso | Burundi | Camarões | Chade | Comores | Congo (Brazzaville) | Congo (República Democrática) | Costa do Marfim | Eswatini (Suazilândia) | Etiópia | Gabão | Gana | Guiné | Gâmbia | Lesoto | Libéria | Madagascar | Malaui | Mali | Moçambique | Namíbia | Nigéria | Níger | Quênia | República Centro-Africana | Ruanda | Senegal | Serra Leoa | Sudão | São Tomé e Príncipe | Tanzânia | Togo | Zimbábue | Zâmbia | África do Sul,m37c_1 | m37c_2 | m37c_3 | m37c_4 | m37c_5 | m37c_6 | v410,NA - Gave child juice | [na] gave child juice | gave child juice | gave child juice           -na | gave child juice          - na | gave child juice {na} | na - gave child juice | na-gave child juice
gave child other liquid,37,13,Angola | Benin | Burkina Faso | Burundi | Camarões | Chade | Comores | Congo (Brazzaville) | Congo (República Democrática) | Costa do Marfim | Eswatini (Suazilândia) | Etiópia | Gabão | Gana | Guiné | Gâmbia | Lesoto | Libéria | Madagascar | Malaui | Mali | Moçambique | Namíbia | Nigéria | Níger | Quênia | República Centro-Africana | Ruanda | Senegal | Serra Leoa | Sudão | São Tomé e Príncipe | Tanzânia | Togo | Zimbábue | Zâmbia | África do Sul,m37l_1 | m37l_2 | m37l_3 | m37l_4 | m37l_5 | m37l_6 | s769_1 | s769_2 | s769_3 | s769_4 | s769_5 | s769_6 | v413,NA - Gave child other liquid | gave child other liquid | gave child other liquid     na | gave child other liquid   - na | gave child other liquid {na} | na - gave child other liquid
gave child plain water,37,14,Angola | Benin | Burkina Faso | Burundi | Camarões | Chade | Comores | Congo (Brazzaville) | Congo (República Democrática) | Costa do Marfim | Eswatini (Suazilândia) | Etiópia | Gabão | Gana | Guiné | Gâmbia | Lesoto | Libéria | Madagascar | Malaui | Mali | Moçambique | Namíbia | Nigéria | Níger | Quênia | República Centro-Africana | Ruanda | Senegal | Serra Leoa | Sudão | São Tomé e Príncipe | Tanzânia | Togo | Zimbábue | Zâmbia | África do Sul,m37a_1 | m37a_2 | m37a_3 | m37a_4 | m37a_5 | m37a_6 | s492aa | s767_1 | s767_2 | s767_3 | s767_4 | s767_5 | s767_6 | v409,NA - Gave child plain water | gave child plain water | gave child plain water {na} | na - gave child plain water | na - na - gave child plain water
heard of oral rehydration,37,1,Angola | Benin | Burkina Faso | Burundi | Camarões | Chade | Comores | Congo (Brazzaville) | Congo (República Democrática) | Costa do Marfim | Eswatini (Suazilândia) | Etiópia | Gabão | Gana | Guiné | Gâmbia | Lesoto | Libéria | Madagascar | Malaui | Mali | Moçambique | Namíbia | Nigéria | Níger | Quênia | República Centro-Africana | Ruanda | Senegal | Serra Leoa | Sudão | São Tomé e Príncipe | Tanzânia | Togo | Zimbábue | Zâmbia | África do Sul,v416,NA - Heard of oral rehydration | heard of oral rehydration | heard of oral rehydration  -na | heard of oral rehydration - na | na - heard of oral rehydration
highest educational level,37,12,Angola | Benin | Burkina Faso | Burundi | Camarões | Chade | Comores | Congo (Brazzaville) | Congo (República Democrática) | Costa do Marfim | Eswatini (Suazilândia) | Etiópia | Gabão | Gana | Guiné | Gâmbia | Lesoto | Libéria | Madagascar | Malaui | Mali | Moçambique | Namíbia | Nigéria | Níger | Quênia | República Centro-Africana | Ruanda | Senegal | Serra Leoa | Sudão | São Tomé e Príncipe | Tanzânia | Togo | Zimbábue | Zâmbia | África do Sul,s105 | s105a | s108 | s108a | s109 | s114 | s804 | s904 | seduc | shv106 | smq105 | v106,Highest educational level | highest educational level
highest year of education,37,4,Angola | Benin | Burkina Faso | Burundi | Camarões | Chade | Comores | Congo (Brazzaville) | Congo (República Democrática) | Costa do Marfim | Eswatini (Suazilândia) | Etiópia | Gabão | Gana | Guiné | Gâmbia | Lesoto | Libéria | Madagascar | Malaui | Mali | Moçambique | Namíbia | Nigéria | Níger | Quênia | República Centro-Africana | Ruanda | Senegal | Serra Leoa | Sudão | São Tomé e Príncipe | Tanzânia | Togo | Zimbábue | Zâmbia | África do Sul,s109 | s705 | v107 | v702,Highest year of education | highest year of education | highest year of education - na | highest year of education - na! | na - highest year of education
household number,37,7,Angola | Benin | Burkina Faso | Burundi | Camarões | Chade | Comores | Congo (Brazzaville) | Congo (República Democrática) | Costa do Marfim | Eswatini (Suazilândia) | Etiópia | Gabão | Gana | Guiné | Gâmbia | Lesoto | Libéria | Madagascar | Malaui | Mali | Moçambique | Namíbia | Nigéria | Níger | Quênia | República Centro-Africana | Ruanda | Senegal | Serra Leoa | Sudão | São Tomé e Príncipe | Tanzânia | Togo | Zimbábue | Zâmbia | África do Sul,shnum | smenage | smmenage | snumber | snumero | sqnumber | v002,Household number | household number | household number            na
ideal number of children,37,8,Angola | Benin | Burkina Faso | Burundi | Camarões | Chade | Comores | Congo (Brazzaville) | Congo (República Democrática) | Costa do Marfim | Eswatini (Suazilândia) | Etiópia | Gabão | Gana | Guiné | Gâmbia | Lesoto | Libéria | Madagascar | Malaui | Mali | Moçambique | Namíbia | Nigéria | Níger | Quênia | República Centro-Africana | Ruanda | Senegal | Serra Leoa | Sudão | São Tomé e Príncipe | Tanzânia | Togo | Zimbábue | Zâmbia | África do Sul,s613 | s617 | sb612 | sh224 | sh227 | sm312 | smq312 | v613,ideal number of children | na - ideal number of children
index to birth history,37,166,Angola | Benin | Burkina Faso | Burundi | Camarões | Chade | Comores | Congo (Brazzaville) | Congo (República Democrática) | Costa do Marfim | Eswatini (Suazilândia) | Etiópia | Gabão | Gana | Guiné | Gâmbia | Lesoto | Libéria | Madagascar | Malaui | Mali | Moçambique | Namíbia | Nigéria | Níger | Quênia | República Centro-Africana | Ruanda | Senegal | Serra Leoa | Sudão | São Tomé e Príncipe | Tanzânia | Togo | Zimbábue | Zâmbia | África do Sul,bidx98_1 | bidx98_2 | bidx98_3 | bidx98_4 | bidx98_5 | bidx98_6 | bidx98_7 | bidx9_01 | bidx9_02 | bidx9_03 | bidx9_04 | bidx9_05 | bidx9_06 | bidx9_07 | bidx9_08 | bidx9_09 | bidx9_10 | bidx9_11 | bidx9_12 | bidx9_13 | bidx9_14 | cpidx_07 | cpidx_1 | cpidx_2 | cpidx_3 | cpidx_4 | cpidx_5 | cpidx_6 | cpidx_7 | hidx_1 | hidx_2 | hidx_3 | hidx_4 | hidx_5 | hidx_6 | hidxa_1 | hidxa_2 | hidxa_3 | hidxa_4 | hidxa_5 | hidxa_6 | hwidx_1 | hwidx_2 | hwidx_3 | hwidx_4 | hwidx_5 | hwidx_6 | idx92_01 | idx92_02 | idx92_03 | idx92_04 | idx92_05 | idx92_06 | idx92_07 | idx92_08 | idx92_09 | idx92_10 | idx92_11 | idx92_12 | idx92_13 | idx92_14 | idx92_15 | idx92_16 | idx92_17 | idx92_18 | idx92_19 | idx92_20 | idx94_1 | idx94_2 | idx94_3 | idx94_4 | idx94_5 | idx94_6 | idx95_1 | idx95_2 | idx95_3 | idx95_4 | idx95_5 | idx95_6 | idx96_1 | idx96_2 | idx96_3 | idx96_4 | idx96_5 | idx96_6 | idx97_1 | idx97_2 | idx97_3 | idx97_4 | idx97_5 | idx97_6 | idx97_7 | idx97_8 | idx97_9 | idx98_1 | idx98_2 | idx98_3 | idx98_4 | idx98_5 | idx98_6 | idx98_7 | idx98_8 | idx98_9 | idxcf_1 | idxcf_2 | idxcf_3 | idxcf_4 | idxecd_1 | idxecd_2 | idxecd_3 | idxecd_4 | idxml_1 | idxml_2 | idxml_3 | idxml_4 | idxml_5 | idxml_6 | idxscf | midx_1 | midx_2 | midx_3 | midx_4 | midx_5 | midx_6 | mnhwidx_1 | mnhwidx_2 | mnhwidx_3 | mnhwidx_4 | mnhwidx_5 | mnhwidx_6 | pidxb_01 | pidxb_02 | pidxb_03 | pidxb_04 | pidxb_05 | pidxb_06 | pidxb_07 | pidxb_08 | pidxb_09 | pidxb_10 | pidxb_11 | pidxb_12 | pidxb_13 | pidxb_14 | pidxb_15 | pidxb_16 | pidxb_17 | pidxb_18 | pidxb_19 | pidxb_20 | pidxb_21 | s707_1 | s707_2 | s707_3 | s707_4 | s707_5 | s707_6 | s707_7 | s707_8 | s707_9 | s730_1 | s730_2 | s730_3 | s730_4 | s730_5 | s730_6,Index to Birth History | Index to birth history | index to birth history | index to birth history     -na | index to birth history - na
intention to use,37,3,Angola | Benin | Burkina Faso | Burundi | Camarões | Chade | Comores | Congo (Brazzaville) | Congo (República Democrática) | Costa do Marfim | Eswatini (Suazilândia) | Etiópia | Gabão | Gana | Guiné | Gâmbia | Lesoto | Libéria | Madagascar | Malaui | Mali | Moçambique | Namíbia | Nigéria | Níger | Quênia | República Centro-Africana | Ruanda | Senegal | Serra Leoa | Sudão | São Tomé e Príncipe | Tanzânia | Togo | Zimbábue | Zâmbia | África do Sul,shv362 | smq209 | v362,intention to use | na - intention to use
interviewer identification,37,3,Angola | Benin | Burkina Faso | Burundi | Camarões | Chade | Comores | Congo (Brazzaville) | Congo (República Democrática) | Costa do Marfim | Eswatini (Suazilândia) | Etiópia | Gabão | Gana | Guiné | Gâmbia | Lesoto | Libéria | Madagascar | Malaui | Mali | Moçambique | Namíbia | Nigéria | Níger | Quênia | República Centro-Africana | Ruanda | Senegal | Serra Leoa | Sudão | São Tomé e Príncipe | Tanzânia | Togo | Zimbábue | Zâmbia | África do Sul,shv805 | v028 | v805,Interviewer identification | interviewer identification | interviewer identification -na | na - interviewer identification
keyer identification,37,4,Angola | Benin | Burkina Faso | Burundi | Camarões | Chade | Comores | Congo (Brazzaville) | Congo (República Democrática) | Costa do Marfim | Eswatini (Suazilândia) | Etiópia | Gabão | Gana | Guiné | Gâmbia | Lesoto | Libéria | Madagascar | Malaui | Mali | Moçambique | Namíbia | Nigéria | Níger | Quênia | República Centro-Africana | Ruanda | Senegal | Serra Leoa | Sudão | São Tomé e Príncipe | Tanzânia | Togo | Zimbábue | Zâmbia | África do Sul,shv806 | smkeyer | v029 | v806,Keyer identification | NA - Keyer identification | keyer identification | na - keyer identification | na-keyer identification
knowledge of any method,37,2,Angola | Benin | Burkina Faso | Burundi | Camarões | Chade | Comores | Congo (Brazzaville) | Congo (República Democrática) | Costa do Marfim | Eswatini (Suazilândia) | Etiópia | Gabão | Gana | Guiné | Gâmbia | Lesoto | Libéria | Madagascar | Malaui | Mali | Moçambique | Namíbia | Nigéria | Níger | Quênia | República Centro-Africana | Ruanda | Senegal | Serra Leoa | Sudão | São Tomé e Príncipe | Tanzânia | Togo | Zimbábue | Zâmbia | África do Sul,shv301 | v301,knowledge of any method | na - knowledge of any method
knowledge of ovulatory cycle,37,1,Angola | Benin | Burkina Faso | Burundi | Camarões | Chade | Comores | Congo (Brazzaville) | Congo (República Democrática) | Costa do Marfim | Eswatini (Suazilândia) | Etiópia | Gabão | Gana | Guiné | Gâmbia | Lesoto | Libéria | Madagascar | Malaui | Mali | Moçambique | Namíbia | Nigéria | Níger | Quênia | República Centro-Africana | Ruanda | Senegal | Serra Leoa | Sudão | São Tomé e Príncipe | Tanzânia | Togo | Zimbábue | Zâmbia | África do Sul,v217,NA - Knowledge of ovulatory cycle | knowledge of ovulatory cycle | na - knowledge of ovulatory cycle
knows method,37,20,Angola | Benin | Burkina Faso | Burundi | Camarões | Chade | Comores | Congo (Brazzaville) | Congo (República Democrática) | Costa do Marfim | Eswatini (Suazilândia) | Etiópia | Gabão | Gana | Guiné | Gâmbia | Lesoto | Libéria | Madagascar | Malaui | Mali | Moçambique | Namíbia | Nigéria | Níger | Quênia | República Centro-Africana | Ruanda | Senegal | Serra Leoa | Sudão | São Tomé e Príncipe | Tanzânia | Togo | Zimbábue | Zâmbia | África do Sul,v304_01 | v304_02 | v304_03 | v304_04 | v304_05 | v304_06 | v304_07 | v304_08 | v304_09 | v304_10 | v304_11 | v304_12 | v304_13 | v304_14 | v304_15 | v304_16 | v304_17 | v304_18 | v304_19 | v304_20,knows method | na - knows method
last source for current users,37,1,Angola | Benin | Burkina Faso | Burundi | Camarões | Chade | Comores | Congo (Brazzaville) | Congo (República Democrática) | Costa do Marfim | Eswatini (Suazilândia) | Etiópia | Gabão | Gana | Guiné | Gâmbia | Lesoto | Libéria | Madagascar | Malaui | Mali | Moçambique | Namíbia | Nigéria | Níger | Quênia | República Centro-Africana | Ruanda | Senegal | Serra Leoa | Sudão | São Tomé e Príncipe | Tanzânia | Togo | Zimbábue | Zâmbia | África do Sul,v326,last source for current users | na - last source for current users
last source for users by type,37,1,Angola | Benin | Burkina Faso | Burundi | Camarões | Chade | Comores | Congo (Brazzaville) | Congo (República Democrática) | Costa do Marfim | Eswatini (Suazilândia) | Etiópia | Gabão | Gana | Guiné | Gâmbia | Lesoto | Libéria | Madagascar | Malaui | Mali | Moçambique | Namíbia | Nigéria | Níger | Quênia | República Centro-Africana | Ruanda | Senegal | Serra Leoa | Sudão | São Tomé e Príncipe | Tanzânia | Togo | Zimbábue | Zâmbia | África do Sul,v327,last source for users by type | na - last source for users by type
length of interview in minutes,37,1,Angola | Benin | Burkina Faso | Burundi | Camarões | Chade | Comores | Congo (Brazzaville) | Congo (República Democrática) | Costa do Marfim | Eswatini (Suazilândia) | Etiópia | Gabão | Gana | Guiné | Gâmbia | Lesoto | Libéria | Madagascar | Malaui | Mali | Moçambique | Namíbia | Nigéria | Níger | Quênia | República Centro-Africana | Ruanda | Senegal | Serra Leoa | Sudão | São Tomé e Príncipe | Tanzânia | Togo | Zimbábue | Zâmbia | África do Sul,v803,Length of interview in minutes | length of interview in minutes | na - length of interview in minutes
literacy,37,7,Angola | Benin | Burkina Faso | Burundi | Camarões | Chade | Comores | Congo (Brazzaville) | Congo (República Democrática) | Costa do Marfim | Eswatini (Suazilândia) | Etiópia | Gabão | Gana | Guiné | Gâmbia | Lesoto | Libéria | Madagascar | Malaui | Mali | Moçambique | Namíbia | Nigéria | Níger | Quênia | República Centro-Africana | Ruanda | Senegal | Serra Leoa | Sudão | São Tomé e Príncipe | Tanzânia | Togo | Zimbábue | Zâmbia | África do Sul,s105 | s110 | s111 | s114 | shv108 | v108 | v155,Literacy | NA - Literacy | literacy | literacy                   -na | na - literacy
living children at first use,37,1,Angola | Benin | Burkina Faso | Burundi | Camarões | Chade | Comores | Congo (Brazzaville) | Congo (República Democrática) | Costa do Marfim | Eswatini (Suazilândia) | Etiópia | Gabão | Gana | Guiné | Gâmbia | Lesoto | Libéria | Madagascar | Malaui | Mali | Moçambique | Namíbia | Nigéria | Níger | Quênia | República Centro-Africana | Ruanda | Senegal | Serra Leoa | Sudão | São Tomé e Príncipe | Tanzânia | Togo | Zimbábue | Zâmbia | África do Sul,v310,living children at first use | na - living children at first use | na-living children at first use
main floor material,37,1,Angola | Benin | Burkina Faso | Burundi | Camarões | Chade | Comores | Congo (Brazzaville) | Congo (República Democrática) | Costa do Marfim | Eswatini (Suazilândia) | Etiópia | Gabão | Gana | Guiné | Gâmbia | Lesoto | Libéria | Madagascar | Malaui | Mali | Moçambique | Namíbia | Nigéria | Níger | Quênia | República Centro-Africana | Ruanda | Senegal | Serra Leoa | Sudão | São Tomé e Príncipe | Tanzânia | Togo | Zimbábue | Zâmbia | África do Sul,v127,Main floor material | main floor material
main roof material,37,1,Angola | Benin | Burkina Faso | Burundi | Camarões | Chade | Comores | Congo (Brazzaville) | Congo (República Democrática) | Costa do Marfim | Eswatini (Suazilândia) | Etiópia | Gabão | Gana | Guiné | Gâmbia | Lesoto | Libéria | Madagascar | Malaui | Mali | Moçambique | Namíbia | Nigéria | Níger | Quênia | República Centro-Africana | Ruanda | Senegal | Serra Leoa | Sudão | São Tomé e Príncipe | Tanzânia | Togo | Zimbábue | Zâmbia | África do Sul,v129,Main roof material | main roof material | main roof material          na | main roof material          na! | main roof material         -na | main roof material        - na | main roof material        - na! | main roof material        -na
main wall material,37,1,Angola | Benin | Burkina Faso | Burundi | Camarões | Chade | Comores | Congo (Brazzaville) | Congo (República Democrática) | Costa do Marfim | Eswatini (Suazilândia) | Etiópia | Gabão | Gana | Guiné | Gâmbia | Lesoto | Libéria | Madagascar | Malaui | Mali | Moçambique | Namíbia | Nigéria | Níger | Quênia | República Centro-Africana | Ruanda | Senegal | Serra Leoa | Sudão | São Tomé e Príncipe | Tanzânia | Togo | Zimbábue | Zâmbia | África do Sul,v128,Main wall material | main wall material | main wall material          na | main wall material          na! | main wall material         -na | main wall material        - na | main wall material        - na! | main wall material        -na
measurer s code,37,3,Angola | Benin | Burkina Faso | Burundi | Camarões | Chade | Comores | Congo (Brazzaville) | Congo (República Democrática) | Costa do Marfim | Eswatini (Suazilândia) | Etiópia | Gabão | Gana | Guiné | Gâmbia | Lesoto | Libéria | Madagascar | Malaui | Mali | Moçambique | Namíbia | Nigéria | Níger | Quênia | República Centro-Africana | Ruanda | Senegal | Serra Leoa | Sudão | São Tomé e Príncipe | Tanzânia | Togo | Zimbábue | Zâmbia | África do Sul,mnv420 | s1111a | v420,"NA - Measurer's code | [na] measurer's code | measurer""s code | measurer's code | measurer's code             na | measurer's code            -na | measurer's code           - na | measurer's code           -na"
menstruated in last six weeks,37,1,Angola | Benin | Burkina Faso | Burundi | Camarões | Chade | Comores | Congo (Brazzaville) | Congo (República Democrática) | Costa do Marfim | Eswatini (Suazilândia) | Etiópia | Gabão | Gana | Guiné | Gâmbia | Lesoto | Libéria | Madagascar | Malaui | Mali | Moçambique | Namíbia | Nigéria | Níger | Quênia | República Centro-Africana | Ruanda | Senegal | Serra Leoa | Sudão | São Tomé e Príncipe | Tanzânia | Togo | Zimbábue | Zâmbia | África do Sul,v216,NA - Menstruated in last six weeks | menstruated in last six weeks | na - menstruated in last six weeks
month of interview,37,4,Angola | Benin | Burkina Faso | Burundi | Camarões | Chade | Comores | Congo (Brazzaville) | Congo (República Democrática) | Costa do Marfim | Eswatini (Suazilândia) | Etiópia | Gabão | Gana | Guiné | Gâmbia | Lesoto | Libéria | Madagascar | Malaui | Mali | Moçambique | Namíbia | Nigéria | Níger | Quênia | República Centro-Africana | Ruanda | Senegal | Serra Leoa | Sudão | São Tomé e Príncipe | Tanzânia | Togo | Zimbábue | Zâmbia | África do Sul,shmonth | shv006 | smintm | v006,Month of interview | month of interview
number of living children,37,1,Angola | Benin | Burkina Faso | Burundi | Camarões | Chade | Comores | Congo (Brazzaville) | Congo (República Democrática) | Costa do Marfim | Eswatini (Suazilândia) | Etiópia | Gabão | Gana | Guiné | Gâmbia | Lesoto | Libéria | Madagascar | Malaui | Mali | Moçambique | Namíbia | Nigéria | Níger | Quênia | República Centro-Africana | Ruanda | Senegal | Serra Leoa | Sudão | São Tomé e Príncipe | Tanzânia | Togo | Zimbábue | Zâmbia | África do Sul,v218,NA - Number of living children | Number of living children | na - number of living children | number of living children
number of other wives,37,3,Angola | Benin | Burkina Faso | Burundi | Camarões | Chade | Comores | Congo (Brazzaville) | Congo (República Democrática) | Costa do Marfim | Eswatini (Suazilândia) | Etiópia | Gabão | Gana | Guiné | Gâmbia | Lesoto | Libéria | Madagascar | Malaui | Mali | Moçambique | Namíbia | Nigéria | Níger | Quênia | República Centro-Africana | Ruanda | Senegal | Serra Leoa | Sudão | São Tomé e Príncipe | Tanzânia | Togo | Zimbábue | Zâmbia | África do Sul,s505 | s508 | v505,Number of other wives | na - number of other wives | number of other wives | number of other wives     - na
number of unions,37,1,Angola | Benin | Burkina Faso | Burundi | Camarões | Chade | Comores | Congo (Brazzaville) | Congo (República Democrática) | Costa do Marfim | Eswatini (Suazilândia) | Etiópia | Gabão | Gana | Guiné | Gâmbia | Lesoto | Libéria | Madagascar | Malaui | Mali | Moçambique | Namíbia | Nigéria | Níger | Quênia | República Centro-Africana | Ruanda | Senegal | Serra Leoa | Sudão | São Tomé e Príncipe | Tanzânia | Togo | Zimbábue | Zâmbia | África do Sul,v503,Number of unions | na - number of unions | number of unions | number of unions - na
number of visits,37,5,Angola | Benin | Burkina Faso | Burundi | Camarões | Chade | Comores | Congo (Brazzaville) | Congo (República Democrática) | Costa do Marfim | Eswatini (Suazilândia) | Etiópia | Gabão | Gana | Guiné | Gâmbia | Lesoto | Libéria | Madagascar | Malaui | Mali | Moçambique | Namíbia | Nigéria | Níger | Quênia | República Centro-Africana | Ruanda | Senegal | Serra Leoa | Sudão | São Tomé e Príncipe | Tanzânia | Togo | Zimbábue | Zâmbia | África do Sul,shv804 | shvisits | smvisits | v027 | v804,Number of visits | na - number of visits | number of visits
parity at sterilization,37,1,Angola | Benin | Burkina Faso | Burundi | Camarões | Chade | Comores | Congo (Brazzaville) | Congo (República Democrática) | Costa do Marfim | Eswatini (Suazilândia) | Etiópia | Gabão | Gana | Guiné | Gâmbia | Lesoto | Libéria | Madagascar | Malaui | Mali | Moçambique | Namíbia | Nigéria | Níger | Quênia | República Centro-Africana | Ruanda | Senegal | Serra Leoa | Sudão | São Tomé e Príncipe | Tanzânia | Togo | Zimbábue | Zâmbia | África do Sul,v322,na - parity at sterilization | parity at sterilization | parity at sterilization    -na
pattern of use,37,1,Angola | Benin | Burkina Faso | Burundi | Camarões | Chade | Comores | Congo (Brazzaville) | Congo (República Democrática) | Costa do Marfim | Eswatini (Suazilândia) | Etiópia | Gabão | Gana | Guiné | Gâmbia | Lesoto | Libéria | Madagascar | Malaui | Mali | Moçambique | Namíbia | Nigéria | Níger | Quênia | República Centro-Africana | Ruanda | Senegal | Serra Leoa | Sudão | São Tomé e Príncipe | Tanzânia | Togo | Zimbábue | Zâmbia | África do Sul,v361,na - pattern of use | pattern of use
preferred future method,37,4,Angola | Benin | Burkina Faso | Burundi | Camarões | Chade | Comores | Congo (Brazzaville) | Congo (República Democrática) | Costa do Marfim | Eswatini (Suazilândia) | Etiópia | Gabão | Gana | Guiné | Gâmbia | Lesoto | Libéria | Madagascar | Malaui | Mali | Moçambique | Namíbia | Nigéria | Níger | Quênia | República Centro-Africana | Ruanda | Senegal | Serra Leoa | Sudão | São Tomé e Príncipe | Tanzânia | Togo | Zimbábue | Zâmbia | África do Sul,s327 | sm210 | smq210 | v363,na - preferred future method | na-preferred future method | preferred future method | preferred future method    -na | preferred future method   - na
region,37,7,Angola | Benin | Burkina Faso | Burundi | Camarões | Chade | Comores | Congo (Brazzaville) | Congo (República Democrática) | Costa do Marfim | Eswatini (Suazilândia) | Etiópia | Gabão | Gana | Guiné | Gâmbia | Lesoto | Libéria | Madagascar | Malaui | Mali | Moçambique | Namíbia | Nigéria | Níger | Quênia | República Centro-Africana | Ruanda | Senegal | Serra Leoa | Sudão | São Tomé e Príncipe | Tanzânia | Togo | Zimbábue | Zâmbia | África do Sul,sgreg | sreg | sregion | sregnew | sv101 | v024 | v101,Region | region
religion,37,8,Angola | Benin | Burkina Faso | Burundi | Camarões | Chade | Comores | Congo (Brazzaville) | Congo (República Democrática) | Costa do Marfim | Eswatini (Suazilândia) | Etiópia | Gabão | Gana | Guiné | Gâmbia | Lesoto | Libéria | Madagascar | Malaui | Mali | Moçambique | Namíbia | Nigéria | Níger | Quênia | República Centro-Africana | Ruanda | Senegal | Serra Leoa | Sudão | São Tomé e Príncipe | Tanzânia | Togo | Zimbábue | Zâmbia | África do Sul,s115 | s117 | s118 | s321g | s613b | sm108 | smq108 | v130,NA - Religion | Religion | na - religion | religion | religion                   -na | religion                  - na | religion                  -na | religion -na
respondent currently working,37,2,Angola | Benin | Burkina Faso | Burundi | Camarões | Chade | Comores | Congo (Brazzaville) | Congo (República Democrática) | Costa do Marfim | Eswatini (Suazilândia) | Etiópia | Gabão | Gana | Guiné | Gâmbia | Lesoto | Libéria | Madagascar | Malaui | Mali | Moçambique | Namíbia | Nigéria | Níger | Quênia | República Centro-Africana | Ruanda | Senegal | Serra Leoa | Sudão | São Tomé e Príncipe | Tanzânia | Togo | Zimbábue | Zâmbia | África do Sul,s707 | v714,Respondent currently working | na - na - respondent currently working | na - respondent currently working | respondent currently working
respondent s month of birth,37,1,Angola | Benin | Burkina Faso | Burundi | Camarões | Chade | Comores | Congo (Brazzaville) | Congo (República Democrática) | Costa do Marfim | Eswatini (Suazilândia) | Etiópia | Gabão | Gana | Guiné | Gâmbia | Lesoto | Libéria | Madagascar | Malaui | Mali | Moçambique | Namíbia | Nigéria | Níger | Quênia | República Centro-Africana | Ruanda | Senegal | Serra Leoa | Sudão | São Tomé e Príncipe | Tanzânia | Togo | Zimbábue | Zâmbia | África do Sul,v009,Respondent's month of birth | respondent's month of birth
respondent s year of birth,37,1,Angola | Benin | Burkina Faso | Burundi | Camarões | Chade | Comores | Congo (Brazzaville) | Congo (República Democrática) | Costa do Marfim | Eswatini (Suazilândia) | Etiópia | Gabão | Gana | Guiné | Gâmbia | Lesoto | Libéria | Madagascar | Malaui | Mali | Moçambique | Namíbia | Nigéria | Níger | Quênia | República Centro-Africana | Ruanda | Senegal | Serra Leoa | Sudão | São Tomé e Príncipe | Tanzânia | Togo | Zimbábue | Zâmbia | África do Sul,v010,Respondent's year of birth | respondent's year of birth
sons at home,37,1,Angola | Benin | Burkina Faso | Burundi | Camarões | Chade | Comores | Congo (Brazzaville) | Congo (República Democrática) | Costa do Marfim | Eswatini (Suazilândia) | Etiópia | Gabão | Gana | Guiné | Gâmbia | Lesoto | Libéria | Madagascar | Malaui | Mali | Moçambique | Namíbia | Nigéria | Níger | Quênia | República Centro-Africana | Ruanda | Senegal | Serra Leoa | Sudão | São Tomé e Príncipe | Tanzânia | Togo | Zimbábue | Zâmbia | África do Sul,v202,Sons at home | sons at home
sons elsewhere,37,1,Angola | Benin | Burkina Faso | Burundi | Camarões | Chade | Comores | Congo (Brazzaville) | Congo (República Democrática) | Costa do Marfim | Eswatini (Suazilândia) | Etiópia | Gabão | Gana | Guiné | Gâmbia | Lesoto | Libéria | Madagascar | Malaui | Mali | Moçambique | Namíbia | Nigéria | Níger | Quênia | República Centro-Africana | Ruanda | Senegal | Serra Leoa | Sudão | São Tomé e Príncipe | Tanzânia | Togo | Zimbábue | Zâmbia | África do Sul,v204,Sons elsewhere | sons elsewhere
sons who have died,37,1,Angola | Benin | Burkina Faso | Burundi | Camarões | Chade | Comores | Congo (Brazzaville) | Congo (República Democrática) | Costa do Marfim | Eswatini (Suazilândia) | Etiópia | Gabão | Gana | Guiné | Gâmbia | Lesoto | Libéria | Madagascar | Malaui | Mali | Moçambique | Namíbia | Nigéria | Níger | Quênia | República Centro-Africana | Ruanda | Senegal | Serra Leoa | Sudão | São Tomé e Príncipe | Tanzânia | Togo | Zimbábue | Zâmbia | África do Sul,v206,Sons who have died | sons who have died
source of drinking water,37,1,Angola | Benin | Burkina Faso | Burundi | Camarões | Chade | Comores | Congo (Brazzaville) | Congo (República Democrática) | Costa do Marfim | Eswatini (Suazilândia) | Etiópia | Gabão | Gana | Guiné | Gâmbia | Lesoto | Libéria | Madagascar | Malaui | Mali | Moçambique | Namíbia | Nigéria | Níger | Quênia | República Centro-Africana | Ruanda | Senegal | Serra Leoa | Sudão | São Tomé e Príncipe | Tanzânia | Togo | Zimbábue | Zâmbia | África do Sul,v113,Source of drinking water | source of drinking water
time to get to water source,37,1,Angola | Benin | Burkina Faso | Burundi | Camarões | Chade | Comores | Congo (Brazzaville) | Congo (República Democrática) | Costa do Marfim | Eswatini (Suazilândia) | Etiópia | Gabão | Gana | Guiné | Gâmbia | Lesoto | Libéria | Madagascar | Malaui | Mali | Moçambique | Namíbia | Nigéria | Níger | Quênia | República Centro-Africana | Ruanda | Senegal | Serra Leoa | Sudão | São Tomé e Príncipe | Tanzânia | Togo | Zimbábue | Zâmbia | África do Sul,v115,Time to get to water source | na - time to get to water source | time to get to water source
total children ever born,37,1,Angola | Benin | Burkina Faso | Burundi | Camarões | Chade | Comores | Congo (Brazzaville) | Congo (República Democrática) | Costa do Marfim | Eswatini (Suazilândia) | Etiópia | Gabão | Gana | Guiné | Gâmbia | Lesoto | Libéria | Madagascar | Malaui | Mali | Moçambique | Namíbia | Nigéria | Níger | Quênia | República Centro-Africana | Ruanda | Senegal | Serra Leoa | Sudão | São Tomé e Príncipe | Tanzânia | Togo | Zimbábue | Zâmbia | África do Sul,v201,Total children ever born | total children ever born
type of place of residence,37,6,Angola | Benin | Burkina Faso | Burundi | Camarões | Chade | Comores | Congo (Brazzaville) | Congo (República Democrática) | Costa do Marfim | Eswatini (Suazilândia) | Etiópia | Gabão | Gana | Guiné | Gâmbia | Lesoto | Libéria | Madagascar | Malaui | Mali | Moçambique | Namíbia | Nigéria | Níger | Quênia | República Centro-Africana | Ruanda | Senegal | Serra Leoa | Sudão | São Tomé e Príncipe | Tanzânia | Togo | Zimbábue | Zâmbia | África do Sul,srestype | stype | stype1 | sv102 | v025 | v102,Type of place of residence | type of place of residence
type of toilet facility,37,2,Angola | Benin | Burkina Faso | Burundi | Camarões | Chade | Comores | Congo (Brazzaville) | Congo (República Democrática) | Costa do Marfim | Eswatini (Suazilândia) | Etiópia | Gabão | Gana | Guiné | Gâmbia | Lesoto | Libéria | Madagascar | Malaui | Mali | Moçambique | Namíbia | Nigéria | Níger | Quênia | República Centro-Africana | Ruanda | Senegal | Serra Leoa | Sudão | São Tomé e Príncipe | Tanzânia | Togo | Zimbábue | Zâmbia | África do Sul,s19 | v116,Type of toilet facility | type of toilet facility
usual resident or visitor,37,1,Angola | Benin | Burkina Faso | Burundi | Camarões | Chade | Comores | Congo (Brazzaville) | Congo (República Democrática) | Costa do Marfim | Eswatini (Suazilândia) | Etiópia | Gabão | Gana | Guiné | Gâmbia | Lesoto | Libéria | Madagascar | Malaui | Mali | Moçambique | Namíbia | Nigéria | Níger | Quênia | República Centro-Africana | Ruanda | Senegal | Serra Leoa | Sudão | São Tomé e Príncipe | Tanzânia | Togo | Zimbábue | Zâmbia | África do Sul,v135,Usual resident or visitor | usual resident or visitor
wanted last child,37,1,Angola | Benin | Burkina Faso | Burundi | Camarões | Chade | Comores | Congo (Brazzaville) | Congo (República Democrática) | Costa do Marfim | Eswatini (Suazilândia) | Etiópia | Gabão | Gana | Guiné | Gâmbia | Lesoto | Libéria | Madagascar | Malaui | Mali | Moçambique | Namíbia | Nigéria | Níger | Quênia | República Centro-Africana | Ruanda | Senegal | Serra Leoa | Sudão | São Tomé e Príncipe | Tanzânia | Togo | Zimbábue | Zâmbia | África do Sul,v367,na - wanted last child | wanted last child
year of interview,37,6,Angola | Benin | Burkina Faso | Burundi | Camarões | Chade | Comores | Congo (Brazzaville) | Congo (República Democrática) | Costa do Marfim | Eswatini (Suazilândia) | Etiópia | Gabão | Gana | Guiné | Gâmbia | Lesoto | Libéria | Madagascar | Malaui | Mali | Moçambique | Namíbia | Nigéria | Níger | Quênia | República Centro-Africana | Ruanda | Senegal | Serra Leoa | Sudão | São Tomé e Príncipe | Tanzânia | Togo | Zimbábue | Zâmbia | África do Sul,sh103y | shv007 | shyear | sminta | sminty | v007,Year of interview | year of interview
years since sterilization,37,1,Angola | Benin | Burkina Faso | Burundi | Camarões | Chade | Comores | Congo (Brazzaville) | Congo (República Democrática) | Costa do Marfim | Eswatini (Suazilândia) | Etiópia | Gabão | Gana | Guiné | Gâmbia | Lesoto | Libéria | Madagascar | Malaui | Mali | Moçambique | Namíbia | Nigéria | Níger | Quênia | República Centro-Africana | Ruanda | Senegal | Serra Leoa | Sudão | São Tomé e Príncipe | Tanzânia | Togo | Zimbábue | Zâmbia | África do Sul,v319,na - years since sterilization | years since sterilization | years since sterilization  -na
