country,file,stem,recode,women_health_category,women_health_role,phase_version,variables,catalog_filename,survey_id,data_label
Angola,AOIR51FL.DTA,AOIR51FL,IR,mulher_nucleo,Entrevista individual da mulher; fonte principal,51,4213,AOIR51DT.zip,282,
Angola,AOIR62FL.DTA,AOIR62FL,IR,mulher_nucleo,Entrevista individual da mulher; fonte principal,62,1219,AOIR62DT.zip,395,
Angola,AOIR71FL.DTA,AOIR71FL,IR,mulher_nucleo,Entrevista individual da mulher; fonte principal,71,5336,AOIR71DT.zip,477,
Angola,AOIR81FL.dta,AOIR81FL,IR,mulher_nucleo,Entrevista individual da mulher; fonte principal,81,7053,AOIR81DT.zip,569,
Benin,BJIR31FL.DTA,BJIR31FL,IR,mulher_nucleo,Entrevista individual da mulher; fonte principal,31,2773,BJIR31DT.zip,87,
Benin,BJIR41FL.DTA,BJIR41FL,IR,mulher_nucleo,Entrevista individual da mulher; fonte principal,41,3472,BJIR41DT.zip,211,
Benin,BJIR51FL.DTA,BJIR51FL,IR,mulher_nucleo,Entrevista individual da mulher; fonte principal,51,4661,BJIR51DT.zip,289,
Benin,BJIR61FL.DTA,BJIR61FL,IR,mulher_nucleo,Entrevista individual da mulher; fonte principal,61,4077,BJIR61DT.zip,420,
Benin,BJIR71FL.DTA,BJIR71FL,IR,mulher_nucleo,Entrevista individual da mulher; fonte principal,71,5109,BJIR71DT.zip,491,
Burkina Faso,BFIR21FL.DTA,BFIR21FL,IR,mulher_nucleo,Entrevista individual da mulher; fonte principal,21,2479,BFIR21DT.zip,42,
Burkina Faso,BFIR31FL.DTA,BFIR31FL,IR,mulher_nucleo,Entrevista individual da mulher; fonte principal,31,3023,BFIR31DT.zip,116,
Burkina Faso,BFIR43FL.dta,BFIR43FL,IR,mulher_nucleo,Entrevista individual da mulher; fonte principal,43,3951,BFIR43DT.zip,230,
Burkina Faso,BFIR62FL.DTA,BFIR62FL,IR,mulher_nucleo,Entrevista individual da mulher; fonte principal,62,4370,BFIR62DT.zip,329,
Burkina Faso,BFIR71FL.DTA,BFIR71FL,IR,mulher_nucleo,Entrevista individual da mulher; fonte principal,71,3094,BFIR71DT.zip,481,
Burkina Faso,BFIR7AFL.DTA,BFIR7AFL,IR,mulher_nucleo,Entrevista individual da mulher; fonte principal,7A,1424,BFIR7ADT.zip,526,
Burkina Faso,BFIR81FL.DTA,BFIR81FL,IR,mulher_nucleo,Entrevista individual da mulher; fonte principal,81,5578,BFIR81DT.zip,562,
Burundi,BUIR02FL.DTA,BUIR02FL,IR,mulher_nucleo,Entrevista individual da mulher; fonte principal,02,1528,BUIR02DT.zip,16,
Burundi,BUIR61FL.DTA,BUIR61FL,IR,mulher_nucleo,Entrevista individual da mulher; fonte principal,61,3952,BUIR61DT.zip,346,
Burundi,BUIR6AFL.DTA,BUIR6AFL,IR,mulher_nucleo,Entrevista individual da mulher; fonte principal,6A,3227,BUIR6ADT.zip,446,
Burundi,BUIR71FL.DTA,BUIR71FL,IR,mulher_nucleo,Entrevista individual da mulher; fonte principal,71,5022,BUIR71DT.zip,463,
Camarões,CMIR22FL.DTA,CMIR22FL,IR,mulher_nucleo,Entrevista individual da mulher; fonte principal,22,2351,CMIR22DT.zip,38,
Camarões,CMIR31FL.DTA,CMIR31FL,IR,mulher_nucleo,Entrevista individual da mulher; fonte principal,31,2966,CMIR31DT.zip,101,
Camarões,CMIR44FL.dta,CMIR44FL,IR,mulher_nucleo,Entrevista individual da mulher; fonte principal,44,4433,CMIR44DT.zip,232,
Camarões,CMIR61FL.DTA,CMIR61FL,IR,mulher_nucleo,Entrevista individual da mulher; fonte principal,61,4378,CMIR61DT.zip,337,
Camarões,CMIR71FL.DTA,CMIR71FL,IR,mulher_nucleo,Entrevista individual da mulher; fonte principal,71,5102,CMIR71DT.zip,511,
Camarões,CMIR82FL.DTA,CMIR82FL,IR,mulher_nucleo,Entrevista individual da mulher; fonte principal,82,3158,CMIR82DT.zip,563,
Chade,TDIR31FL.DTA,TDIR31FL,IR,mulher_nucleo,Entrevista individual da mulher; fonte principal,31,3282,TDIR31DT.zip,83,
Chade,TDIR41FL.DTA,TDIR41FL,IR,mulher_nucleo,Entrevista individual da mulher; fonte principal,41,4857,TDIR41DT.zip,215,
Chade,TDIR71FL.DTA,TDIR71FL,IR,mulher_nucleo,Entrevista individual da mulher; fonte principal,71,4463,TDIR71DT.zip,465,
Comores,KMIR32FL.DTA,KMIR32FL,IR,mulher_nucleo,Entrevista individual da mulher; fonte principal,32,2715,KMIR32DT.zip,93,
Comores,KMIR61FL.DTA,KMIR61FL,IR,mulher_nucleo,Entrevista individual da mulher; fonte principal,61,4138,KMIR61DT.zip,443,
Congo (Brazzaville),CGIR51FL.DTA,CGIR51FL,IR,mulher_nucleo,Entrevista individual da mulher; fonte principal,51,4350,CGIR51DT.zip,267,
Congo (Brazzaville),CGIR5AFL.DTA,CGIR5AFL,IR,mulher_nucleo,Entrevista individual da mulher; fonte principal,5A,482,CGIR5ADT.zip,370,
Congo (Brazzaville),CGIR61FL.DTA,CGIR61FL,IR,mulher_nucleo,Entrevista individual da mulher; fonte principal,61,4413,CGIR61DT.zip,388,
Congo (República Democrática),CDIR51FL.DTA,CDIR51FL,IR,mulher_nucleo,Entrevista individual da mulher; fonte principal,51,4328,CDIR51DT.zip,239,
Congo (República Democrática),CDIR61FL.DTA,CDIR61FL,IR,mulher_nucleo,Entrevista individual da mulher; fonte principal,61,4245,CDIR61DT.zip,421,
Congo (República Democrática),CDIR81FL.dta,CDIR81FL,IR,mulher_nucleo,Entrevista individual da mulher; fonte principal,81,5942,CDIR81DT.zip,597,
Costa do Marfim,CIIR35FL.DTA,CIIR35FL,IR,mulher_nucleo,Entrevista individual da mulher; fonte principal,35,2956,CIIR35DT.zip,62,
Costa do Marfim,CIIR3AFL.DTA,CIIR3AFL,IR,mulher_nucleo,Entrevista individual da mulher; fonte principal,3A,2629,CIIR3ADT.zip,106,
Costa do Marfim,CIIR51FL.DTA,CIIR51FL,IR,mulher_nucleo,Entrevista individual da mulher; fonte principal,51,1321,CIIR51DT.zip,231,
Costa do Marfim,CIIR62FL.DTA,CIIR62FL,IR,mulher_nucleo,Entrevista individual da mulher; fonte principal,62,4364,CIIR62DT.zip,311,
Costa do Marfim,CIIR81FL.DTA,CIIR81FL,IR,mulher_nucleo,Entrevista individual da mulher; fonte principal,81,5417,CIIR81DT.zip,559,
Eswatini (Suazilândia),szir51fl.dta,SZIR51FL,IR,mulher_nucleo,Entrevista individual da mulher; fonte principal,51,4217,SZIR51DT.zip,259,
Etiópia,ETIR41FL.DTA,ETIR41FL,IR,mulher_nucleo,Entrevista individual da mulher; fonte principal,41,3665,ETIR41DT.zip,147,
Etiópia,ETIR51FL.DTA,ETIR51FL,IR,mulher_nucleo,Entrevista individual da mulher; fonte principal,51,4699,ETIR51DT.zip,248,
Etiópia,ETIR61FL.DTA,ETIR61FL,IR,mulher_nucleo,Entrevista individual da mulher; fonte principal,61,3807,ETIR61DT.zip,359,
Etiópia,ETIR71FL.DTA,ETIR71FL,IR,mulher_nucleo,Entrevista individual da mulher; fonte principal,71,5902,ETIR71DT.zip,478,
Etiópia,ETIR81FL.DTA,ETIR81FL,IR,mulher_nucleo,Entrevista individual da mulher; fonte principal,81,4436,ETIR81DT.zip,551,
Etiópia,ETIR8AFL.dta,ETIR8AFL,IR,mulher_nucleo,Entrevista individual da mulher; fonte principal,8A,6648,ETIR8ADT.zip,586,
Gabão,GAIR41FL.DTA,GAIR41FL,IR,mulher_nucleo,Entrevista individual da mulher; fonte principal,41,3361,GAIR41DT.zip,148,
Gabão,GAIR61FL.DTA,GAIR61FL,IR,mulher_nucleo,Entrevista individual da mulher; fonte principal,61,4581,GAIR61DT.zip,402,
Gabão,GAIR71FL.DTA,GAIR71FL,IR,mulher_nucleo,Entrevista individual da mulher; fonte principal,71,5490,GAIR71DT.zip,546,
Gana,GHIR02FL.DTA,GHIR02FL,IR,mulher_nucleo,Entrevista individual da mulher; fonte principal,02,1567,GHIR02DT.zip,25,
Gana,GHIR31FL.DTA,GHIR31FL,IR,mulher_nucleo,Entrevista individual da mulher; fonte principal,31,2328,GHIR31DT.zip,58,
Gana,GHIR41FL.DTA,GHIR41FL,IR,mulher_nucleo,Entrevista individual da mulher; fonte principal,41,3401,GHIR41DT.zip,151,
Gana,GHIR4BFL.DTA,GHIR4BFL,IR,mulher_nucleo,Entrevista individual da mulher; fonte principal,4B,3619,GHIR4BDT.zip,235,
Gana,GHIR5AFL.DTA,GHIR5AFL,IR,mulher_nucleo,Entrevista individual da mulher; fonte principal,5A,3915,GHIR5ADT.zip,301,
Gana,GHIR72FL.DTA,GHIR72FL,IR,mulher_nucleo,Entrevista individual da mulher; fonte principal,72,4079,GHIR72DT.zip,437,
Gana,GHIR7BFL.DTA,GHIR7BFL,IR,mulher_nucleo,Entrevista individual da mulher; fonte principal,7B,1506,GHIR7BDT.zip,516,
Gana,GHIR82FL.DTA,GHIR82FL,IR,mulher_nucleo,Entrevista individual da mulher; fonte principal,82,1737,GHIR82DT.zip,557,
Gana,GHIR8CFL.DTA,GHIR8CFL,IR,mulher_nucleo,Entrevista individual da mulher; fonte principal,8C,5584,GHIR8CDT.zip,598,
Guiné,GNIR41FL.DTA,GNIR41FL,IR,mulher_nucleo,Entrevista individual da mulher; fonte principal,41,3788,GNIR41DT.zip,154,
Guiné,gnir52fl.dta,GNIR52FL,IR,mulher_nucleo,Entrevista individual da mulher; fonte principal,52,3171,GNIR52DT.zip,249,
Guiné,GNIR62FL.DTA,GNIR62FL,IR,mulher_nucleo,Entrevista individual da mulher; fonte principal,62,4366,GNIR62DT.zip,391,
Guiné,GNIR71FL.DTA,GNIR71FL,IR,mulher_nucleo,Entrevista individual da mulher; fonte principal,71,4756,GNIR71DT.zip,539,
Guiné,GNIR82FL.DTA,GNIR82FL,IR,mulher_nucleo,Entrevista individual da mulher; fonte principal,82,2719,GNIR82DT.zip,571,
Gâmbia,GMIR61FL.DTA,GMIR61FL,IR,mulher_nucleo,Entrevista individual da mulher; fonte principal,61,4384,GMIR61DT.zip,425,
Gâmbia,GMIR81FL.DTA,GMIR81FL,IR,mulher_nucleo,Entrevista individual da mulher; fonte principal,81,5314,GMIR81DT.zip,555,
Lesoto,LSIR41FL.dta,LSIR41FL,IR,mulher_nucleo,Entrevista individual da mulher; fonte principal,41,4473,LSIR41DT.zip,256,
Lesoto,LSIR61FL.DTA,LSIR61FL,IR,mulher_nucleo,Entrevista individual da mulher; fonte principal,61,4229,LSIR61DT.zip,317,
Lesoto,LSIR71FL.DTA,LSIR71FL,IR,mulher_nucleo,Entrevista individual da mulher; fonte principal,71,3749,LSIR71DT.zip,462,
Lesoto,LSIR81FL.DTA,LSIR81FL,IR,mulher_nucleo,Entrevista individual da mulher; fonte principal,81,6581,LSIR81DT.zip,572,
Libéria,LBIR01FL.DTA,LBIR01FL,IR,mulher_nucleo,Entrevista individual da mulher; fonte principal,01,1352,LBIR01DT.zip,7,
Libéria,LBIR51FL.DTA,LBIR51FL,IR,mulher_nucleo,Entrevista individual da mulher; fonte principal,51,4105,LBIR51DT.zip,271,
Libéria,LBIR5AFL.DTA,LBIR5AFL,IR,mulher_nucleo,Entrevista individual da mulher; fonte principal,5A,1719,LBIR5ADT.zip,330,
Libéria,LBIR61FL.DTA,LBIR61FL,IR,mulher_nucleo,Entrevista individual da mulher; fonte principal,61,2416,LBIR61DT.zip,361,
Libéria,LBIR6AFL.DTA,LBIR6AFL,IR,mulher_nucleo,Entrevista individual da mulher; fonte principal,6A,4006,LBIR6ADT.zip,435,
Libéria,LBIR71FL.DTA,LBIR71FL,IR,mulher_nucleo,Entrevista individual da mulher; fonte principal,71,3965,LBIR71DT.zip,509,
Libéria,LBIR7AFL.DTA,LBIR7AFL,IR,mulher_nucleo,Entrevista individual da mulher; fonte principal,7A,5177,LBIR7ADT.zip,537,
Libéria,LBIR81FL.DTA,LBIR81FL,IR,mulher_nucleo,Entrevista individual da mulher; fonte principal,81,3012,LBIR81DT.zip,573,
Madagascar,MDIR21FL.DTA,MDIR21FL,IR,mulher_nucleo,Entrevista individual da mulher; fonte principal,21,2347,MDIR21DT.zip,49,
Madagascar,MDIR31FL.DTA,MDIR31FL,IR,mulher_nucleo,Entrevista individual da mulher; fonte principal,31,2875,MDIR31DT.zip,110,
Madagascar,MDIR42FL.DTA,MDIR42FL,IR,mulher_nucleo,Entrevista individual da mulher; fonte principal,42,4289,MDIR42DT.zip,207,
Madagascar,MDIR51FL.DTA,MDIR51FL,IR,mulher_nucleo,Entrevista individual da mulher; fonte principal,51,3997,MDIR51DT.zip,296,
Madagascar,MDIR61FL.DTA,MDIR61FL,IR,mulher_nucleo,Entrevista individual da mulher; fonte principal,61,3570,MDIR61DT.zip,396,
Madagascar,MDIR6AFL.DTA,MDIR6AFL,IR,mulher_nucleo,Entrevista individual da mulher; fonte principal,6A,3687,MDIR6ADT.zip,456,
Madagascar,MDIR71FL.DTA,MDIR71FL,IR,mulher_nucleo,Entrevista individual da mulher; fonte principal,71,3532,MDIR71DT.zip,505,
Madagascar,MDIR81FL.DTA,MDIR81FL,IR,mulher_nucleo,Entrevista individual da mulher; fonte principal,81,4688,MDIR81DT.zip,560,
Malaui,MWIR22FL.DTA,MWIR22FL,IR,mulher_nucleo,Entrevista individual da mulher; fonte principal,22,2366,MWIR22DT.zip,52,
Malaui,MWIR41FL.DTA,MWIR41FL,IR,mulher_nucleo,Entrevista individual da mulher; fonte principal,41,3896,MWIR41DT.zip,158,
Malaui,MWIR4EFL.DTA,MWIR4EFL,IR,mulher_nucleo,Entrevista individual da mulher; fonte principal,4E,4715,MWIR4EDT.zip,251,
Malaui,MWIR61FL.DTA,MWIR61FL,IR,mulher_nucleo,Entrevista individual da mulher; fonte principal,61,4271,MWIR61DT.zip,333,
Malaui,MWIR6AFL.DTA,MWIR6AFL,IR,mulher_nucleo,Entrevista individual da mulher; fonte principal,6A,3963,MWIR6ADT.zip,432,
Malaui,MWIR72FL.DTA,MWIR72FL,IR,mulher_nucleo,Entrevista individual da mulher; fonte principal,72,1640,MWIR72DT.zip,473,
Malaui,MWIR7AFL.DTA,MWIR7AFL,IR,mulher_nucleo,Entrevista individual da mulher; fonte principal,7A,4948,MWIR7ADT.zip,483,
Malaui,MWIR7IFL.DTA,MWIR7IFL,IR,mulher_nucleo,Entrevista individual da mulher; fonte principal,7I,1608,MWIR7IDT.zip,512,
Malaui,MWIR81FL.dta,MWIR81FL,IR,mulher_nucleo,Entrevista individual da mulher; fonte principal,81,5879,MWIR81DT.zip,592,
Mali,MLIR01FL.DTA,MLIR01FL,IR,mulher_nucleo,Entrevista individual da mulher; fonte principal,01,1535,MLIR01DT.zip,12,
Mali,MLIR32FL.DTA,MLIR32FL,IR,mulher_nucleo,Entrevista individual da mulher; fonte principal,32,2874,MLIR32DT.zip,77,
Mali,MLIR41FL.DTA,MLIR41FL,IR,mulher_nucleo,Entrevista individual da mulher; fonte principal,41,3473,MLIR41DT.zip,159,
Mali,MLIR53FL.DTA,MLIR53FL,IR,mulher_nucleo,Entrevista individual da mulher; fonte principal,53,4778,MLIR53DT.zip,276,
Mali,MLIR6AFL.DTA,MLIR6AFL,IR,mulher_nucleo,Entrevista individual da mulher; fonte principal,6A,4543,MLIR6ADT.zip,405,
Mali,MLIR72FL.DTA,MLIR72FL,IR,mulher_nucleo,Entrevista individual da mulher; fonte principal,72,3793,MLIR72DT.zip,487,
Mali,MLIR7AFL.DTA,MLIR7AFL,IR,mulher_nucleo,Entrevista individual da mulher; fonte principal,7A,5384,MLIR7ADT.zip,517,
Mali,MLIR83FL.DTA,MLIR83FL,IR,mulher_nucleo,Entrevista individual da mulher; fonte principal,83,3188,MLIR83DT.zip,574,
Mali,MLIR8AFL.dta,MLIR8AFL,IR,mulher_nucleo,Entrevista individual da mulher; fonte principal,8A,5727,MLIR8ADT.zip,613,
Moçambique,MZIR31FL.DTA,MZIR31FL,IR,mulher_nucleo,Entrevista individual da mulher; fonte principal,31,2649,MZIR31DT.zip,105,
Moçambique,MZIR41FL.DTA,MZIR41FL,IR,mulher_nucleo,Entrevista individual da mulher; fonte principal,41,4306,MZIR41DT.zip,174,
Moçambique,MZIR51FL.DTA,MZIR51FL,IR,mulher_nucleo,Entrevista individual da mulher; fonte principal,51,1194,MZIR51DT.zip,322,
Moçambique,MZIR62FL.DTA,MZIR62FL,IR,mulher_nucleo,Entrevista individual da mulher; fonte principal,62,4226,MZIR62DT.zip,362,
Moçambique,MZIR71FL.DTA,MZIR71FL,IR,mulher_nucleo,Entrevista individual da mulher; fonte principal,71,4861,MZIR71DT.zip,467,
Moçambique,MZIR7AFL.DTA,MZIR7AFL,IR,mulher_nucleo,Entrevista individual da mulher; fonte principal,7A,1479,MZIR7ADT.zip,527,
Moçambique,MZIR82FL.dta,MZIR82FL,IR,mulher_nucleo,Entrevista individual da mulher; fonte principal,82,6513,MZIR82DT.zip,564,
Namíbia,NMIR21FL.DTA,NMIR21FL,IR,mulher_nucleo,Entrevista individual da mulher; fonte principal,21,2803,NMIR21DT.zip,48,
Namíbia,NMIR41FL.DTA,NMIR41FL,IR,mulher_nucleo,Entrevista individual da mulher; fonte principal,41,3502,NMIR41DT.zip,205,
Namíbia,nmir51fl.dta,NMIR51FL,IR,mulher_nucleo,Entrevista individual da mulher; fonte principal,51,4021,NMIR51DT.zip,284,
Namíbia,NMIR61FL.DTA,NMIR61FL,IR,mulher_nucleo,Entrevista individual da mulher; fonte principal,61,4182,NMIR61DT.zip,363,
Nigéria,NGIR21FL.DTA,NGIR21FL,IR,mulher_nucleo,Entrevista individual da mulher; fonte principal,21,2149,NGIR21DT.zip,32,
Nigéria,NGIR4BFL.DTA,NGIR4BFL,IR,mulher_nucleo,Entrevista individual da mulher; fonte principal,4B,3696,NGIR4BDT.zip,223,
Nigéria,NGIR53FL.DTA,NGIR53FL,IR,mulher_nucleo,Entrevista individual da mulher; fonte principal,53,4313,NGIR53DT.zip,302,
Nigéria,NGIR61FL.DTA,NGIR61FL,IR,mulher_nucleo,Entrevista individual da mulher; fonte principal,61,1301,NGIR61DT.zip,392,
Nigéria,NGIR6AFL.DTA,NGIR6AFL,IR,mulher_nucleo,Entrevista individual da mulher; fonte principal,6A,4618,NGIR6ADT.zip,438,
Nigéria,NGIR71FL.DTA,NGIR71FL,IR,mulher_nucleo,Entrevista individual da mulher; fonte principal,71,3293,NGIR71DT.zip,474,
Nigéria,NGIR7BFL.DTA,NGIR7BFL,IR,mulher_nucleo,Entrevista individual da mulher; fonte principal,7B,5394,NGIR7BDT.zip,528,
Nigéria,NGIR81FL.DTA,NGIR81FL,IR,mulher_nucleo,Entrevista individual da mulher; fonte principal,81,1649,NGIR81DT.zip,576,
Nigéria,NGIR8BFL.dta,NGIR8BFL,IR,mulher_nucleo,Entrevista individual da mulher; fonte principal,8B,6411,NGIR8BDT.zip,609,
Níger,NIIR22FL.DTA,NIIR22FL,IR,mulher_nucleo,Entrevista individual da mulher; fonte principal,22,2702,NIIR22DT.zip,53,
Níger,NIIR31FL.DTA,NIIR31FL,IR,mulher_nucleo,Entrevista individual da mulher; fonte principal,31,2600,NIIR31DT.zip,99,
Níger,NIIR51FL.DTA,NIIR51FL,IR,mulher_nucleo,Entrevista individual da mulher; fonte principal,51,4359,NIIR51DT.zip,277,
Níger,NIIR61FL.DTA,NIIR61FL,IR,mulher_nucleo,Entrevista individual da mulher; fonte principal,61,4321,NIIR61DT.zip,407,
Níger,NIIR82FL.DTA,NIIR82FL,IR,mulher_nucleo,Entrevista individual da mulher; fonte principal,82,1688,NIIR82DT.zip,575,
Quênia,KEIR03FL.DTA,KEIR03FL,IR,mulher_nucleo,Entrevista individual da mulher; fonte principal,03,1644,KEIR03DT.zip,20,
Quênia,KEIR33FL.DTA,KEIR33FL,IR,mulher_nucleo,Entrevista individual da mulher; fonte principal,33,2153,KEIR33DT.zip,56,
Quênia,KEIR3AFL.DTA,KEIR3AFL,IR,mulher_nucleo,Entrevista individual da mulher; fonte principal,3A,2756,KEIR3ADT.zip,115,
Quênia,KEIR42FL.DTA,KEIR42FL,IR,mulher_nucleo,Entrevista individual da mulher; fonte principal,42,4148,KEIR42DT.zip,216,
Quênia,KEIR52FL.DTA,KEIR52FL,IR,mulher_nucleo,Entrevista individual da mulher; fonte principal,52,4339,KEIR52DT.zip,300,
Quênia,KEIR72FL.DTA,KEIR72FL,IR,mulher_nucleo,Entrevista individual da mulher; fonte principal,72,4805,KEIR72DT.zip,451,
Quênia,KEIR7AFL.DTA,KEIR7AFL,IR,mulher_nucleo,Entrevista individual da mulher; fonte principal,7A,1406,KEIR7ADT.zip,493,
Quênia,KEIR81FL.DTA,KEIR81FL,IR,mulher_nucleo,Entrevista individual da mulher; fonte principal,81,1672,KEIR81DT.zip,579,
Quênia,KEIR8CFL.DTA,KEIR8CFL,IR,mulher_nucleo,Entrevista individual da mulher; fonte principal,8C,5925,KEIR8CDT.zip,566,
República Centro-Africana,CFIR31FL.DTA,CFIR31FL,IR,mulher_nucleo,Entrevista individual da mulher; fonte principal,31,3238,CFIR31DT.zip,66,
Ruanda,RWIR21FL.DTA,RWIR21FL,IR,mulher_nucleo,Entrevista individual da mulher; fonte principal,21,2234,RWIR21DT.zip,43,
Ruanda,RWIR41FL.DTA,RWIR41FL,IR,mulher_nucleo,Entrevista individual da mulher; fonte principal,41,3848,RWIR41DT.zip,165,
Ruanda,RWIR53FL.DTA,RWIR53FL,IR,mulher_nucleo,Entrevista individual da mulher; fonte principal,53,4372,RWIR53DT.zip,252,
Ruanda,RWIR5AFL.DTA,RWIR5AFL,IR,mulher_nucleo,Entrevista individual da mulher; fonte principal,5A,3584,RWIR5ADT.zip,323,
Ruanda,RWIR61FL.DTA,RWIR61FL,IR,mulher_nucleo,Entrevista individual da mulher; fonte principal,61,4470,RWIR61DT.zip,364,
Ruanda,RWIR6IFL.DTA,RWIR6IFL,IR,mulher_nucleo,Entrevista individual da mulher; fonte principal,6I,1331,RWIR6IDT.zip,449,
Ruanda,RWIR70FL.DTA,RWIR70FL,IR,mulher_nucleo,Entrevista individual da mulher; fonte principal,70,4572,RWIR70DT.zip,468,
Ruanda,RWIR7AFL.DTA,RWIR7AFL,IR,mulher_nucleo,Entrevista individual da mulher; fonte principal,7A,1351,RWIR7ADT.zip,540,
Ruanda,RWIR81FL.DTA,RWIR81FL,IR,mulher_nucleo,Entrevista individual da mulher; fonte principal,81,5117,RWIR81DT.zip,554,
Ruanda,RWIR8AFL.DTA,RWIR8AFL,IR,mulher_nucleo,Entrevista individual da mulher; fonte principal,8A,810,RWIR8ADT.zip,607,
Ruanda,RWIR91FL.dta,RWIR91FL,IR,mulher_nucleo,Entrevista individual da mulher; fonte principal,91,6070,RWIR91DT.zip,624,
Senegal,SNIR02FL.DTA,SNIR02FL,IR,mulher_nucleo,Entrevista individual da mulher; fonte principal,02,1436,SNIR02DT.zip,3,
Senegal,SNIR21FL.DTA,SNIR21FL,IR,mulher_nucleo,Entrevista individual da mulher; fonte principal,21,2464,SNIR21DT.zip,46,
Senegal,SNIR32FL.DTA,SNIR32FL,IR,mulher_nucleo,Entrevista individual da mulher; fonte principal,32,2461,SNIR32DT.zip,81,
Senegal,SNIR4AFL.DTA,SNIR4AFL,IR,mulher_nucleo,Entrevista individual da mulher; fonte principal,4A,4360,SNIR4ADT.zip,233,
Senegal,SNIR51FL.DTA,SNIR51FL,IR,mulher_nucleo,Entrevista individual da mulher; fonte principal,51,1694,SNIR51DT.zip,293,
Senegal,SNIR5AFL.DTA,SNIR5AFL,IR,mulher_nucleo,Entrevista individual da mulher; fonte principal,5A,3279,SNIR5ADT.zip,338,
Senegal,SNIR61FL.DTA,SNIR61FL,IR,mulher_nucleo,Entrevista individual da mulher; fonte principal,61,4179,SNIR61DT.zip,365,
Senegal,SNIR6DFL.DTA,SNIR6DFL,IR,mulher_nucleo,Entrevista individual da mulher; fonte principal,6D,3779,SNIR6DDT.zip,423,
Senegal,SNIR7AFL.DTA,SNIR7AFL,IR,mulher_nucleo,Entrevista individual da mulher; fonte principal,7A,3998,SNIR7ADT.zip,489,
Senegal,SNIR7ZFL.DTA,SNIR7ZFL,IR,mulher_nucleo,Entrevista individual da mulher; fonte principal,7Z,5360,SNIR7ZDT.zip,534,
Senegal,SNIR81FL.DTA,SNIR81FL,IR,mulher_nucleo,Entrevista individual da mulher; fonte principal,81,4997,SNIR81DT.zip,580,
Senegal,SNIR8BFL.DTA,SNIR8BFL,IR,mulher_nucleo,Entrevista individual da mulher; fonte principal,8B,4997,SNIR8BDT.zip,581,
Senegal,SNIR8IFL.DTA,SNIR8IFL,IR,mulher_nucleo,Entrevista individual da mulher; fonte principal,8I,1542,SNIR8IDT.zip,587,
Senegal,SNIR8SFL.DTA,SNIR8SFL,IR,mulher_nucleo,Entrevista individual da mulher; fonte principal,8S,5997,SNIR8SDT.zip,611,
Serra Leoa,SLIR51FL.DTA,SLIR51FL,IR,mulher_nucleo,Entrevista individual da mulher; fonte principal,51,3985,SLIR51DT.zip,324,
Serra Leoa,SLIR61FL.DTA,SLIR61FL,IR,mulher_nucleo,Entrevista individual da mulher; fonte principal,61,4499,SLIR61DT.zip,450,
Serra Leoa,SLIR73FL.DTA,SLIR73FL,IR,mulher_nucleo,Entrevista individual da mulher; fonte principal,73,1449,SLIR73DT.zip,515,
Serra Leoa,SLIR7AFL.DTA,SLIR7AFL,IR,mulher_nucleo,Entrevista individual da mulher; fonte principal,7A,5119,SLIR7ADT.zip,545,
Sudão,SDIR02FL.DTA,SDIR02FL,IR,mulher_nucleo,Entrevista individual da mulher; fonte principal,02,1848,SDIR02DT.zip,29,
São Tomé e Príncipe,STIR51FL.DTA,STIR51FL,IR,mulher_nucleo,Entrevista individual da mulher; fonte principal,51,4365,STIR51DT.zip,318,
Tanzânia,TZIR21FL.DTA,TZIR21FL,IR,mulher_nucleo,Entrevista individual da mulher; fonte principal,21,2096,TZIR21DT.zip,41,
Tanzânia,TZIR3AFL.DTA,TZIR3AFL,IR,mulher_nucleo,Entrevista individual da mulher; fonte principal,3A,2914,TZIR3ADT.zip,82,
Tanzânia,TZIR41FL.DTA,TZIR41FL,IR,mulher_nucleo,Entrevista individual da mulher; fonte principal,41,2783,TZIR41DT.zip,167,
Tanzânia,tzir4afl.dta,TZIR4AFL,IR,mulher_nucleo,Entrevista individual da mulher; fonte principal,4A,420,TZIR4ADT.zip,234,
Tanzânia,TZIR4IFL.DTA,TZIR4IFL,IR,mulher_nucleo,Entrevista individual da mulher; fonte principal,4I,4184,TZIR4IDT.zip,253,
Tanzânia,TZIR51FL.DTA,TZIR51FL,IR,mulher_nucleo,Entrevista individual da mulher; fonte principal,51,3441,TZIR51DT.zip,304,
Tanzânia,TZIR63FL.DTA,TZIR63FL,IR,mulher_nucleo,Entrevista individual da mulher; fonte principal,63,4467,TZIR63DT.zip,345,
Tanzânia,TZIR6AFL.DTA,TZIR6AFL,IR,mulher_nucleo,Entrevista individual da mulher; fonte principal,6A,1970,TZIR6ADT.zip,393,
Tanzânia,TZIR7BFL.DTA,TZIR7BFL,IR,mulher_nucleo,Entrevista individual da mulher; fonte principal,7B,5648,TZIR7BDT.zip,485,
Tanzânia,TZIR7IFL.DTA,TZIR7IFL,IR,mulher_nucleo,Entrevista individual da mulher; fonte principal,7I,1656,TZIR7IDT.zip,529,
Tanzânia,TZIR82FL.DTA,TZIR82FL,IR,mulher_nucleo,Entrevista individual da mulher; fonte principal,82,6379,TZIR82DT.zip,578,
Togo,TGIR01FL.DTA,TGIR01FL,IR,mulher_nucleo,Entrevista individual da mulher; fonte principal,01,1701,TGIR01DT.zip,22,
Togo,TGIR31FL.DTA,TGIR31FL,IR,mulher_nucleo,Entrevista individual da mulher; fonte principal,31,2845,TGIR31DT.zip,114,
Togo,TGIR61FL.DTA,TGIR61FL,IR,mulher_nucleo,Entrevista individual da mulher; fonte principal,61,4573,TGIR61DT.zip,328,
Togo,TGIR71FL.DTA,TGIR71FL,IR,mulher_nucleo,Entrevista individual da mulher; fonte principal,71,1596,TGIR71DT.zip,497,
Zimbábue,ZWIR01FL.DTA,ZWIR01FL,IR,mulher_nucleo,Entrevista individual da mulher; fonte principal,01,1589,ZWIR01DT.zip,21,
Zimbábue,ZWIR31FL.DTA,ZWIR31FL,IR,mulher_nucleo,Entrevista individual da mulher; fonte principal,31,2770,ZWIR31DT.zip,64,
Zimbábue,ZWIR42FL.DTA,ZWIR42FL,IR,mulher_nucleo,Entrevista individual da mulher; fonte principal,42,3391,ZWIR42DT.zip,184,
Zimbábue,ZWIR52FL.DTA,ZWIR52FL,IR,mulher_nucleo,Entrevista individual da mulher; fonte principal,52,4435,ZWIR52DT.zip,260,
Zimbábue,ZWIR62FL.DTA,ZWIR62FL,IR,mulher_nucleo,Entrevista individual da mulher; fonte principal,62,4354,ZWIR62DT.zip,367,
Zimbábue,ZWIR72FL.DTA,ZWIR72FL,IR,mulher_nucleo,Entrevista individual da mulher; fonte principal,72,4944,ZWIR72DT.zip,475,
Zâmbia,ZMIR21FL.DTA,ZMIR21FL,IR,mulher_nucleo,Entrevista individual da mulher; fonte principal,21,2013,ZMIR21DT.zip,51,
Zâmbia,ZMIR31FL.DTA,ZMIR31FL,IR,mulher_nucleo,Entrevista individual da mulher; fonte principal,31,2827,ZMIR31DT.zip,90,
Zâmbia,ZMIR42FL.DTA,ZMIR42FL,IR,mulher_nucleo,Entrevista individual da mulher; fonte principal,42,3985,ZMIR42DT.zip,206,
Zâmbia,ZMIR51FL.DTA,ZMIR51FL,IR,mulher_nucleo,Entrevista individual da mulher; fonte principal,51,4278,ZMIR51DT.zip,278,
Zâmbia,ZMIR61FL.DTA,ZMIR61FL,IR,mulher_nucleo,Entrevista individual da mulher; fonte principal,61,4268,ZMIR61DT.zip,406,
Zâmbia,ZMIR71FL.DTA,ZMIR71FL,IR,mulher_nucleo,Entrevista individual da mulher; fonte principal,71,5036,ZMIR71DT.zip,542,
Zâmbia,ZMIR81FL.dta,ZMIR81FL,IR,mulher_nucleo,Entrevista individual da mulher; fonte principal,81,6140,ZMIR81DT.zip,610,
África do Sul,ZAIR31FL.DTA,ZAIR31FL,IR,mulher_nucleo,Entrevista individual da mulher; fonte principal,31,3252,ZAIR31DT.zip,113,
África do Sul,ZAIR71FL.DTA,ZAIR71FL,IR,mulher_nucleo,Entrevista individual da mulher; fonte principal,71,4694,ZAIR71DT.zip,390,
